Форма камня,Длина камня,Ширина камня,gem_price,gem_url,Драгоценность камня,Название камня,Вес камня,Вид,Огранка камня,Облагораживание камня,Происхождение камня,Чистота камня,Сертификат,Глубина камня,Вес пары
Круг,1.1 мм,1.1 мм,4 руб,https://kolvika.ru/product/fianit-krug-110-mm,,,,,,,,,,,
Круг,2.0 мм,2.0 мм,5 руб,https://kolvika.ru/product/fianit-krug-200-mm,,,,,,,,,,,
Круг,1.5 мм,1.5 мм,4 руб,https://kolvika.ru/product/fianit-krug-150-mm,,,,,,,,,,,
Круг,1.25 мм,1.25 мм,4 руб,https://kolvika.ru/product/fianit-krug-125-mm,,,,,,,,,,,
Круг,1.0 мм,1.0 мм,4 руб,https://kolvika.ru/product/fianit-rubin-krug-10-mm,,,,,,,,,,,
Круг,1.2 мм,1.2 мм,4 руб,https://kolvika.ru/product/fianit-krug-120-mm,,,,,,,,,,,
Круг,1.0 мм,1.0 мм,4 руб,https://kolvika.ru/product/fianit-krug-100-mm,,,,,,,,,,,
Круг,1.3 мм,1.3 мм,4 руб,https://kolvika.ru/product/fianit-krug-130-mm,,,,,,,,,,,
Круг,1.25 мм,1.25 мм,7 руб,https://kolvika.ru/product/fianit-zelenyy-nano-krug-125-mm,,,,,,,,,,,
Круг,1.6 мм,1.6 мм,4 руб,https://kolvika.ru/product/fianit-krug-160-mm,,,,,,,,,,,
Круг,3.0 мм,3.0 мм,8 руб,https://kolvika.ru/product/fianit-krug-300-mm,,,,,,,,,,,
Круг,1.75 мм,1.75 мм,4 руб,https://kolvika.ru/product/fianit-krug-175-h-175-mm-belyy-ba,,,,,,,,,,,
Круг,0.8 мм,0.8 мм,4 руб,https://kolvika.ru/product/fianit-krug-080-mm,,,,,,,,,,,
Круг,2.5 мм,2.5 мм,7 руб,https://kolvika.ru/product/fianit-krug-250-h-250-mm-belyy-ba,,,,,,,,,,,
Круг,1.5 мм,1.5 мм,7 руб,https://kolvika.ru/product/fianit-granatovyy-cz-krug-15-mm,,,,,,,,,,,
Круг,2.0 мм,2.0 мм,7 руб,https://kolvika.ru/product/fianit-granatovyy-cz-krug-20-mm,,,,,,,,,,,
Круг,1.25 мм,1.25 мм,4 руб,https://kolvika.ru/product/fianit-rubin-krug-125-mm,,,,,,,,,,,
Круг,2.0 мм,2.0 мм,9 руб,https://kolvika.ru/product/fianit-sapfir-krug-20-mm,,,,,,,,,,,
Круг,1.25 мм,1.25 мм,4 руб,https://kolvika.ru/product/fianit-zheltyy-cz-krug-125-mm,,,,,,,,,,,
Круг,4.0 мм,4.0 мм,25 руб,https://kolvika.ru/product/fianit-krug-400-h-400-mm-belyy-ba,,,,,,,,,,,
Круг,0.9 мм,0.9 мм,4 руб,https://kolvika.ru/product/fianit-krug-090-h-090-mm-belyy-ba,,,,,,,,,,,
Круг,1.4 мм,1.4 мм,4 руб,https://kolvika.ru/product/fianit-krug-140-h-140-mm-belyy-ba,,,,,,,,,,,
Круг,0.9 мм,0.9 мм,7 руб,https://kolvika.ru/product/fianit-zelenyy-nano-krug-090-mm,,,,,,,,,,,
Круг,1.0 мм,1.0 мм,7 руб,https://kolvika.ru/product/fianit-chernyy-krug-100-mm,,,,,,,,,,,
Круг,0.7 мм,0.7 мм,4 руб,https://kolvika.ru/product/fianit-krug-070-h-070-mm-belyy-ba,,,,,,,,,,,
Круг,1.25 мм,1.25 мм,4 руб,https://kolvika.ru/product/fianit-chernyy-krug-125-mm,,,,,,,,,,,
Круг,1.5 мм,1.5 мм,9 руб,https://kolvika.ru/product/fianit-sapfir-krug-15-mm,,,,,,,,,,,
Круг,1.0 мм,1.0 мм,7 руб,https://kolvika.ru/product/fianit-sapfir-krug-10-mm,,,,,,,,,,,
Круг,0.9 мм,0.9 мм,30 руб,https://kolvika.ru/product/shpinel-chernyy-o-090-mm,Полудрагоценный,Шпинель,0.01 ct,Калиброваный,Бриллиантовая,(N) Не подвергался,Китай,,,,
Круг,1.5 мм,1.5 мм,4 руб,https://kolvika.ru/product/fianit-chernyy-krug-150-mm,,,,,,,,,,,
Круг,1.0 мм,1.0 мм,30 руб,https://kolvika.ru/product/shpinel-chernyy-o-100-mm,Полудрагоценный,Шпинель,,Калиброваный,,,,,,,
Круг,1.5 мм,1.5 мм,9 руб,https://kolvika.ru/product/fianit-tsitrin-cz-krug-15-mm,,,,,,,,,,,
Круг,0.9 мм,0.9 мм,7 руб,https://kolvika.ru/product/fianit-sapfir-krug-090-mm,,,,,,,,,,,
Круг,1.25 мм,1.25 мм,7 руб,https://kolvika.ru/product/fianit-sapfir-krug-125-mm,,,,,,,,,,,
Круг,1.5 мм,1.5 мм,4 руб,https://kolvika.ru/product/fianit-ametistovyy-cz-krug-15-mm,,,,,,,,,,,
Круг,1.7 мм,1.7 мм,4 руб,https://kolvika.ru/product/fianit-krug-170-h-170-mm-belyy-ba,,,,,,,,,,,
Круг,0.8 мм,0.8 мм,7 руб,https://kolvika.ru/product/fianit-sapfir-krug-080-mm,,,,,,,,,,,
Круг,1.0 мм,1.0 мм,7 руб,https://kolvika.ru/product/fianit-zelenyy-nano-krug-10-mm,,,,,,,,,,,
Круг,2.75 мм,2.75 мм,7 руб,https://kolvika.ru/product/fianit-krug-275-h-275-mm-belyy-ba,,,,,,,,,,,
Круг,5.0 мм,5.0 мм,38 руб,https://kolvika.ru/product/fianit-krug-500-h-500-mm-belyy-ba,,,,,,,,,,,
Круг,1.25 мм,1.25 мм,30 руб,https://kolvika.ru/product/shpinel-chernyy-o-125-mm,Полудрагоценный,Шпинель,0.01 ct,Калиброваный,Бриллиантовая,(N) Не подвергался,,,,,
Круг,3.0 мм,3.0 мм,9 руб,https://kolvika.ru/product/fianit-granatovyy-o-300-mm,,,,,,,,,,,
Круг,1.0 мм,1.0 мм,30 руб,https://kolvika.ru/product/rauhtopaz-o-100-mm,Полудрагоценный,Раухтопаз (Кварц дымчатый),0.01 ct,Калиброваный,,(N) Не подвергался,,,,,
Маркиз,1.5 мм,3.0 мм,6 руб,https://kolvika.ru/product/fianit-markiza-150-h-300-mm-belyy-aa,,,,,,,,,,,
Круг,1.0 мм,1.0 мм,7 руб,https://kolvika.ru/product/fianit-swiss-nano-krug-10-mm,,,,,,,,,,,
Круг,1.8 мм,1.8 мм,4 руб,https://kolvika.ru/product/fianit-krug-180-mm,,,,,,,,,,,
Круг,1.0 мм,1.0 мм,4 руб,https://kolvika.ru/product/fianit-granatovyy-cz-krug-10-mm,,,,,,,,,,,
Круг,1.75 мм,1.75 мм,4 руб,https://kolvika.ru/product/fianit-chernyy-krug-175-mm,,,,,,,,,,,
Круг,0.9 мм,0.9 мм,4 руб,https://kolvika.ru/product/fianit-chernyy-krug-090-mm,,,,,,,,,,,
Круг,1.5 мм,1.5 мм,7 руб,https://kolvika.ru/product/fianit-rubin-krug-15-mm,,,,,,,,,,,
Круг,5.0 мм,5.0 мм,25 руб,https://kolvika.ru/product/fianit-chernyy-o-500-mm,,,,,,,,,,,
Круг,2.3 мм,2.3 мм,5 руб,https://kolvika.ru/product/fianit-krug-230-h-230-mm-belyy-ba,,,,,,,,,,,
Круг,1.5 мм,1.5 мм,9 руб,https://kolvika.ru/product/fianit-zelenyy-nano-krug-15-mm,,,,,,,,,,,
Круг,1.25 мм,1.25 мм,4 руб,https://kolvika.ru/product/fianit-granatovyy-cz-krug-125-mm,,,,,,,,,,,
Круг,4.0 мм,4.0 мм,15 руб,https://kolvika.ru/product/fianit-chernyy-o-400-mm,,,,,,,,,,,
Круг,1.9 мм,1.9 мм,4 руб,https://kolvika.ru/product/fianit-krug-190-h-190-mm-belyy-ba,,,,,,,,,,,
Круг,1.5 мм,1.5 мм,7 руб,https://kolvika.ru/product/fianit-zheltyy-cz-krug-15-mm,,,,,,,,,,,
Круг,3.75 мм,3.75 мм,13 руб,https://kolvika.ru/product/fianit-krug-375-h-375-mm-belyy-ba,,,,,,,,,,,
Круг,2.6 мм,2.6 мм,7 руб,https://kolvika.ru/product/fianit-krug-260-h-260-mm-belyy-ba,,,,,,,,,,,
Круг,3.0 мм,3.0 мм,42 руб,https://kolvika.ru/product/fianit-sapfir-o-300-mm,,,,,,,,,,,
Круг,1.0 мм,1.0 мм,4 руб,https://kolvika.ru/product/fianit-rozovyy-cz-krug-10-mm,,,,,,,,,,,
Круг,3.5 мм,3.5 мм,10 руб,https://kolvika.ru/product/fianit-krug-350-h-350-mm-belyy-ba,,,,,,,,,,,
Круг,3.0 мм,3.0 мм,9 руб,https://kolvika.ru/product/fianit-chernyy-o-300-mm,,,,,,,,,,,
Круг,2.0 мм,2.0 мм,7 руб,https://kolvika.ru/product/fianit-chernyy-krug-200-mm,,,,,,,,,,,
Круг,2.0 мм,2.0 мм,7 руб,https://kolvika.ru/product/fianit-olivkovyy-cz-krug-20-mm,,,,,,,,,,,
Круг,2.0 мм,2.0 мм,15 руб,https://kolvika.ru/product/fianit-zelenyy-nano-krug-20-mm,,,,,,,,,,,
Круг,1.0 мм,1.0 мм,7 руб,https://kolvika.ru/product/fianit-tsitrin-cz-krug-10-mm,,,,,,,,,,,
Круг,2.0 мм,2.0 мм,90 руб,https://kolvika.ru/product/granat-krug-200-h-200-mm,Полудрагоценный,Гранат,0.05 ct,Калиброваный,Различная,(N) Не подвергался,Южная Америка,"Крайне незначительные включения, чистый на глаз",,,
Круг,4.0 мм,4.0 мм,15 руб,https://kolvika.ru/product/fianit-granatovyy-o-400-mm,,,,,,,,,,,
Круг,2.0 мм,2.0 мм,7 руб,https://kolvika.ru/product/fianit-rubin-krug-20-mm,,,,,,,,,,,
Круг,1.5 мм,1.5 мм,70 руб,https://kolvika.ru/product/granat-krug-150-mm,Полудрагоценный,Гранат,0.02 ct,Калиброваный,Различная,(N) Не подвергался,Южная Америка,"Крайне незначительные включения, чистый на глаз",,,
Круг,1.25 мм,1.25 мм,7 руб,https://kolvika.ru/product/fianit-tanzanit-nano-krug-125-mm,,,,,,,,,,,
Круг,0.8 мм,0.8 мм,7 руб,https://kolvika.ru/product/fianit-zelenyy-nano-krug-080-mm,,,,,,,,,,,
Круг,1.25 мм,1.25 мм,4 руб,https://kolvika.ru/product/fianit-ametistovyy-cz-krug-125-mm,,,,,,,,,,,
Круг,1.25 мм,1.25 мм,4 руб,https://kolvika.ru/product/fianit-olivkovyy-cz-krug-125-mm,,,,,,,,,,,
Круг,2.0 мм,2.0 мм,7 руб,https://kolvika.ru/product/fianit-ametistovyy-cz-krug-20-mm,,,,,,,,,,,
Круг,1.5 мм,1.5 мм,4 руб,https://kolvika.ru/product/fianit-olivkovyy-cz-krug-15-mm,,,,,,,,,,,
Круг,2.0 мм,2.0 мм,7 руб,https://kolvika.ru/product/fianit-rozovyy-cz-krug-20-mm,,,,,,,,,,,
Круг,3.0 мм,3.0 мм,15 руб,https://kolvika.ru/product/fianit-rozovyy-o-300-mm,,,,,,,,,,,
Круг,1.5 мм,1.5 мм,4 руб,https://kolvika.ru/product/fianit-rozovyy-cz-krug-15-mm,,,,,,,,,,,
Круг,1.25 мм,1.25 мм,7 руб,https://kolvika.ru/product/fianit-tsitrin-cz-krug-125-mm,,,,,,,,,,,
Круг,1.75 мм,1.75 мм,4 руб,https://kolvika.ru/product/fianit-ametistovyy-cz-krug-175-mm,,,,,,,,,,,
Круг,1.25 мм,1.25 мм,38 руб,https://kolvika.ru/product/rauhtopaz-krug-125-h-125-mm,Полудрагоценный,Раухтопаз (Кварц дымчатый),0.01 ct,Калиброваный,,(H) Термическая обработка,Южная Америка,"Незначительные включения, чистый на глаз",,,
Круг,2.0 мм,2.0 мм,15 руб,https://kolvika.ru/product/fianit-tsitrin-cz-krug-20-mm,,,,,,,,,,,
Круг,2.0 мм,2.0 мм,65 руб,https://kolvika.ru/product/peridot-krug-200-h-200-mm,Полудрагоценный,Перидот (Хризолит),0.05 ct,Калиброваный,Различная,(N) Не подвергался,Китай,"Крайне незначительные включения, чистый на глаз",,,
Круг,,,150 руб,https://kolvika.ru/product/laboratorno-vyraschennye-brillianty-kr-57-095-100-mm,,Ограненный синтетический алмаз,,,,,,,,,
Маркиз,2.0 мм,4.0 мм,44 руб,https://kolvika.ru/product/fianit-markiza-200-h-400-mm-belyy-aa,,,,,,,,,,,
Круг,2.9 мм,2.9 мм,7 руб,https://kolvika.ru/product/fianit-krug-290-h-290-mm-belyy-ba,,,,,,,,,,,
Круг,2.0 мм,2.0 мм,7 руб,https://kolvika.ru/product/fianit-shampan-cz-krug-20-mm,,,,,,,,,,,
Круг,2.25 мм,2.25 мм,5 руб,https://kolvika.ru/product/fianit-krug-225-h-225-mm-belyy-ba,,,,,,,,,,,
Круг,3.5 мм,3.5 мм,11 руб,https://kolvika.ru/product/fianit-granatovyy-o-350-mm,,,,,,,,,,,
Круг,2.0 мм,2.0 мм,14 руб,https://kolvika.ru/product/fianit-london-nano-krug-20-mm,,,,,,,,,,,
Круг,2.7 мм,2.7 мм,7 руб,https://kolvika.ru/product/fianit-krug-270-h-270-mm-belyy-ba,,,,,,,,,,,
Круг,1.5 мм,1.5 мм,9 руб,https://kolvika.ru/product/fianit-tanzanit-nano-krug-15-mm,,,,,,,,,,,
Круг,1.0 мм,1.0 мм,4 руб,https://kolvika.ru/product/fianit-olivkovyy-cz-krug-10-mm,,,,,,,,,,,
Круг,1.5 мм,1.5 мм,9 руб,https://kolvika.ru/product/fianit-london-nano-krug-15-mm,,,,,,,,,,,
Круг,2.5 мм,2.5 мм,7 руб,https://kolvika.ru/product/fianit-shampan-o-250-mm,,,,,,,,,,,
Круг,,,300 руб,https://kolvika.ru/product/laboratorno-vyraschennye-brillianty-kr-57-130-135-mm,,Ограненный синтетический алмаз,,,,,,,,,
Круг,2.2 мм,2.2 мм,5 руб,https://kolvika.ru/product/fianit-krug-220-mm,,,,,,,,,,,
Круг,2.0 мм,2.0 мм,70 руб,https://kolvika.ru/product/o-200-mm,Полудрагоценный,Цитрин,0.03 ct,Калиброваный,Различная,(H) Термическая обработка,Бразилия,"Крайне незначительные включения, чистый на глаз",,,
Круг,4.0 мм,4.0 мм,60 руб,https://kolvika.ru/product/fianit-zelenyy-o-400-mm,,,,,,,,,,,
Круг,1.75 мм,1.75 мм,9 руб,https://kolvika.ru/product/fianit-sapfir-krug-175-mm,,,,,,,,,,,
Круг,2.4 мм,2.4 мм,5 руб,https://kolvika.ru/product/fianit-krug-240-mm,,,,,,,,,,,
Принцесса,3.0 мм,3.0 мм,38 руб,https://kolvika.ru/product/fianit-printsessa-300-h-300-mm-belyy-aa,,,,,,,,,,,
Круг,2.0 мм,2.0 мм,14 руб,https://kolvika.ru/product/fianit-swiss-nano-krug-20-mm,,,,,,,,,,,
Круг,6.5 мм,6.5 мм,60 руб,https://kolvika.ru/product/fianit-krug-650-h-650-mm-belyy-ba,,,,,,,,,,,
Круг,5.5 мм,5.5 мм,44 руб,https://kolvika.ru/product/fianit-krug-550-h-550-mm-belyy-ba,,,,,,,,,,,
Круг,6.0 мм,6.0 мм,57 руб,https://kolvika.ru/product/fianit-krug-600-h-600-mm-belyy-ba,,,,,,,,,,,
Круг,1.5 мм,1.5 мм,9 руб,https://kolvika.ru/product/fianit-sky-nano-krug-15-mm,,,,,,,,,,,
Круг,1.5 мм,1.5 мм,242 руб,https://kolvika.ru/product/muassanit-krug-150-mm,,,0.01 ct,,,,Китай,,,,
Круг,7.0 мм,7.0 мм,69 руб,https://kolvika.ru/product/fianit-krug-700-h-700-mm-belyy-ba,,,,,,,,,,,
Круг,2.5 мм,2.5 мм,350 руб,https://kolvika.ru/product/lunnyy-kamen-kaboshon-krug-250-mm,Полудрагоценный,Лунный камень,0.08 ct,Штучный,Кабошон,(N) Не подвергался,Восточная Африка,Просвечивающий,,,
Круг,1.0 мм,1.0 мм,90 руб,https://kolvika.ru/product/spessartin-granat-o-100-mm,Полудрагоценный,Спессартин гранат,0.004 Ct,Калиброваный,Модифицированная,(N) Не подвергался,Кения,"Незначительные включения, чистый на глаз",,,
Круг,3.0 мм,3.0 мм,90 руб,https://kolvika.ru/product/topaz-sky-krug-300-mm,Полудрагоценный,Топаз Скай,,Калиброваный,Португальская,(G) Облучение,Южная Америка,"Крайне незначительные включения, чистый на глаз",,,
Круг,1.5 мм,1.5 мм,9 руб,https://kolvika.ru/product/fianit-swiss-nano-krug-15-mm,,,,,,,,,,,
Круг,1.75 мм,1.75 мм,7 руб,https://kolvika.ru/product/fianit-rubin-krug-175-mm,,,,,,,,,,,
Круг,3.0 мм,3.0 мм,90 руб,https://kolvika.ru/product/peridot-krug-300-mm,Полудрагоценный,Перидот (Хризолит),0.12 ct,Калиброваный,Различная,(N) Не подвергался,Китай,"Крайне незначительные включения, чистый на глаз",,,
Круг,1.75 мм,1.75 мм,7 руб,https://kolvika.ru/product/fianit-rozovyy-cz-krug-175-mm,,,,,,,,,,,
Круг,,,390 руб,https://kolvika.ru/product/laboratorno-vyraschennye-brillianty-kr-57-145-150-mm,,Ограненный синтетический алмаз,,,,,,,,,
Круг,4.5 мм,4.5 мм,32 руб,https://kolvika.ru/product/fianit-krug-450-h-450-mm-belyy-ba,,,,,,,,,,,
Круг,4.75 мм,4.75 мм,32 руб,https://kolvika.ru/product/fianit-krug-475-h-475-mm-belyy-ba,,,,,,,,,,,
Принцесса,1.75 мм,1.75 мм,25 руб,https://kolvika.ru/product/fianit-printsessa-175-h-175-mm-belyy-aa,,,,,,,,,,,
Круг,2.1 мм,2.1 мм,5 руб,https://kolvika.ru/product/fianit-krug-210-h-210-mm-belyy-ba,,,,,,,,,,,
Принцесса,2.0 мм,2.0 мм,25 руб,https://kolvika.ru/product/fianit-printsessa-200-h-200-mm,,,,,,,,,,,
Круг,1.25 мм,1.25 мм,4 руб,https://kolvika.ru/product/fianit-rozovyy-cz-krug-125-mm,,,,,,,,,,,
Круг,1.75 мм,1.75 мм,7 руб,https://kolvika.ru/product/fianit-zheltyy-cz-krug-175-mm,,,,,,,,,,,
Круг,1.75 мм,1.75 мм,7 руб,https://kolvika.ru/product/fianit-granatovyy-cz-krug-175-mm,,,,,,,,,,,
Принцесса,2.5 мм,2.5 мм,32 руб,https://kolvika.ru/product/fianit-printsessa-250-h-250-mm-belyy-aa,,,,,,,,,,,
Маркиз,7.0 мм,14.0 мм,225 руб,https://kolvika.ru/product/fianit-markiza-700-h-1400-mm-belyy-aa,,,,,,,,,,,
Круг,,,300 руб,https://kolvika.ru/product/laboratorno-vyraschennye-brillianty-kr-57-125-130-mm,,Ограненный синтетический алмаз,,,,,,,,,
Круг,1.5 мм,1.5 мм,95 руб,https://kolvika.ru/product/spessartin-granat-o-150-mm,Полудрагоценный,Спессартин гранат,0.02 ct,Калиброваный,Модифицированная,(N) Не подвергался,Кения,"Незначительные включения, чистый на глаз",,,
Круг,2.5 мм,2.5 мм,16 руб,https://kolvika.ru/product/fianit-rubin-o-250-mm,,,,,,,,,,,
Круг,2.5 мм,2.5 мм,90 руб,https://kolvika.ru/product/tsitrin-krug-250-h-250-mm,Полудрагоценный,Цитрин,0.06 ct,Калиброваный,Различная,(H) Термическая обработка,Бразилия,"Крайне незначительные включения, чистый на глаз",,,
Круг,2.5 мм,2.5 мм,50 руб,https://kolvika.ru/product/shpinel-chernyy-krug-250-x-250-x-180-mm,Полудрагоценный,Шпинель,0.2 ct,Калиброваный,Бриллиантовая,(N) Не подвергался,Китай,,,,
Груша,10.0 мм,12.0 мм,288 руб,https://kolvika.ru/product/fianit-grusha-1000-h-1200-mm-belyy-aa,,,,,,,,,,,
,,,100 руб,https://kolvika.ru/product/granat-kaboshon-o-300-mm,,,,,,,,,,,
Круг,2.25 мм,2.25 мм,20 руб,https://kolvika.ru/product/fianit-zelenyy-o-225-mm,,,,,,,,,,,
Маркиз,6.0 мм,12.0 мм,169 руб,https://kolvika.ru/product/fianit-markiza-600-h-1200-mm-belyy-aa,,,,,,,,,,,
Овал,3.0 мм,5.0 мм,34 руб,https://kolvika.ru/product/fianit-oval-300-h-500-mm-belyy-aa,,,,,,,,,,,
Круг,,,710 руб,https://kolvika.ru/product/laboratorno-vyraschennye-brillianty-kr-57-175-180-mm,Лабораторно-выращенный,Ограненный синтетический алмаз,,,,,,,,,
Овал,8.0 мм,10.0 мм,136 руб,https://kolvika.ru/product/fianit-oval-800-h-1000-mm-belyy-aa,,,,,,,,,,,
Круг,5.0 мм,5.0 мм,170 руб,https://kolvika.ru/product/granat-krug-500-mm,Полудрагоценный,Гранат,0.5 ct,Калиброваный,Различная,(N) Не подвергался,Южная Америка,"Крайне незначительные включения, чистый на глаз",,,
Круг,1.0 мм,1.0 мм,50 руб,https://kolvika.ru/product/granat-o-100-mm,Полудрагоценный,Гранат,0.01 ct,Калиброваный,Различная,(N) Не подвергался,Южная Америка,"Крайне незначительные включения, чистый на глаз",,,
Круг,2.25 мм,2.25 мм,12 руб,https://kolvika.ru/product/fianit-sapfir-o-225-mm,,,,,,,,,,,
Круг,1.4 мм,1.4 мм,180 руб,https://kolvika.ru/product/muassanit-krug-140-mm,,,0.01 ct,,,,Китай,,,,
Сердце,9.0 мм,6.0 мм,188 руб,https://kolvika.ru/product/fianit-serdtse-900-h-900-mm-belyy-aa,,,,,,,,,,,
Маркиз,2.5 мм,2.5 мм,50 руб,https://kolvika.ru/product/fianit-markiza-250-h-500-mm-belyy-aa,,,,,,,,,,,
Круг,1.5 мм,1.5 мм,60 руб,https://kolvika.ru/product/peridot-krug-150-h-150-mm,Полудрагоценный,Перидот (Хризолит),0.01 ct,Калиброваный,Различная,(N) Не подвергался,Китай,"Крайне незначительные включения, чистый на глаз",,,
Круг,1.0 мм,1.0 мм,4 руб,https://kolvika.ru/product/fianit-ametistovyy-cz-krug-10-mm,,,,,,,,,,,
Круг,5.0 мм,5.0 мм,170 руб,https://kolvika.ru/product/ametist-svetlyy-krug-500-h-500-mm,Полудрагоценный,Аметист,0.65 ct,Калиброваный,Различная,(H) Термическая обработка,,"Крайне незначительные включения, чистый на глаз",,,
Принцесса,2.25 мм,2.25 мм,32 руб,https://kolvika.ru/product/fianit-printsessa-225-h-225-mm-belyy-aa,,,,,,,,,,,
Круг,1.25 мм,1.25 мм,65 руб,https://kolvika.ru/product/rodolit-krug-125-mm,Полудрагоценный,Родолит,0.01 ct,Калиброваный,Португальская,(N) Не подвергался,Восточная Африка,"Незначительные включения, чистый на глаз",,,
Овал,4.0 мм,6.0 мм,68 руб,https://kolvika.ru/product/fianit-oval-400-h-600-mm-belyy-aa,,,,,,,,,,,
Круг,1.75 мм,1.75 мм,13 руб,https://kolvika.ru/product/fianit-zelenyy-nano-krug-175-mm,,,,,,,,,,,
Круг,1.0 мм,1.0 мм,7 руб,https://kolvika.ru/product/fianit-sky-nano-krug-10-mm,,,,,,,,,,,
Круг,2.0 мм,2.0 мм,180 руб,https://kolvika.ru/product/tanzanit-krug-200-mm,Полудрагоценный,Танзанит,0.03 ct,Калиброваный,Бриллиантовая,(H) Термическая обработка,Танзания,"Включения, видимые невооруженным глазом",,,
Круг,4.0 мм,4.0 мм,120 руб,https://kolvika.ru/product/granat-krug-400-h-400-mm,Полудрагоценный,Гранат,0.3 ct,Калиброваный,Различная,(N) Не подвергался,Южная Америка,"Крайне незначительные включения, чистый на глаз",,,
Маркиз,3.0 мм,6.0 мм,57 руб,https://kolvika.ru/product/fianit-markiza-300-h-600-mm-belyy-aa,,,,,,,,,,,
Груша,8.0 мм,12.0 мм,250 руб,https://kolvika.ru/product/fianit-grusha-800-h-1200-mm-belyy-aa,,,,,,,,,,,
,,,20 руб,https://kolvika.ru/product/fianit-bts-baget-300-h-200-mm,,,,,,,,,,,
Круг,1.8 мм,1.8 мм,300 руб,https://kolvika.ru/product/tsavorit-o-180-mm,Полудрагоценный,Тсаворит,,Калиброваный,,,,,,,
Круг,2.0 мм,2.0 мм,15 руб,https://kolvika.ru/product/fianit-morganit-krug-20-mm,,,,,,,,,,,
Принцесса,9.0 мм,9.0 мм,213 руб,https://kolvika.ru/product/fianit-printsessa-900-h-900-mm-belyy-aa,,,,,,,,,,,
Круг,2.5 мм,2.5 мм,9 руб,https://kolvika.ru/product/fianit-chernyy-o-250-mm,,,,,,,,,,,
Круг,,,3 500 руб,https://kolvika.ru/product/laboratorno-vyraschennye-brillianty-kr-57-295-305-mm,Лабораторно-выращенный,Ограненный синтетический алмаз,,,,,,,,,
Круг,3.5 мм,3.5 мм,90 руб,https://kolvika.ru/product/tsitrin-krug-350-h-350-mm,Полудрагоценный,Цитрин,0.15 ct,Калиброваный,Различная,(H) Термическая обработка,Бразилия,"Крайне незначительные включения, чистый на глаз",,,
Овал,10.0 мм,12.0 мм,192 руб,https://kolvika.ru/product/fianit-oval-1000-h-1200-mm-belyy-aa,,,,,,,,,,,
Круг,1.25 мм,1.25 мм,7 руб,https://kolvika.ru/product/fianit-sky-nano-krug-125-mm,,,,,,,,,,,
Маркиз,3.5 мм,7.0 мм,75 руб,https://kolvika.ru/product/fianit-markiza-350-h-700-mm-belyy-aa,,,,,,,,,,,
Круг,1.25 мм,1.25 мм,90 руб,https://kolvika.ru/product/spessartin-granat-o-125-mm,Полудрагоценный,Спессартин гранат,0.01 ct,Калиброваный,Модифицированная,(N) Не подвергался,Кения,"Незначительные включения, чистый на глаз",,,
Круг,4.0 мм,4.0 мм,365 руб,https://kolvika.ru/product/topaz-swiss-krug-400-h-400-mm,Полудрагоценный,Топаз Свисс,0.3 ct,Калиброваный,Португальская,(G) Облучение,Южная Америка,"Крайне незначительные включения, чистый на глаз",,,
Круг,2.5 мм,2.5 мм,27 руб,https://kolvika.ru/product/fianit-rauh-o-250-mm,,,,,,,,,,,
Круг,1.75 мм,1.75 мм,13 руб,https://kolvika.ru/product/fianit-tsitrin-cz-krug-175-mm,,,,,,,,,,,
Круг,5.0 мм,5.0 мм,165 руб,https://kolvika.ru/product/praziolit-krug-500-mm,Полудрагоценный,Празиолит,0.45 ct,Калиброваный,Смешанная,(N) Не подвергался,Бразилия,"Крайне незначительные включения, видимые невооруженным глазом",,,
Круг,0.8 мм,0.8 мм,30 руб,https://kolvika.ru/product/shpinel-chernyy-o-080-mm,,Шпинель,0.01 ct,Калиброваный,Бриллиантовая,,Китай,,,,
Круг,5.75 мм,5.75 мм,54 руб,https://kolvika.ru/product/fianit-krug-575-h-575-mm-belyy-ba,,,,,,,,,,,
Круг,,,150 руб,https://kolvika.ru/product/laboratorno-vyraschennye-brillianty-kr-57-090-095-mm,,Ограненный синтетический алмаз,,,,,,,,,
Круг,1.25 мм,1.25 мм,7 руб,https://kolvika.ru/product/fianit-london-nano-krug-125-mm,,,,,,,,,,,
Принцесса,8.0 мм,8.0 мм,188 руб,https://kolvika.ru/product/fianit-printsessa-800-h-800-mm-belyy-aa,,,,,,,,,,,
Круг,2.5 мм,2.5 мм,90 руб,https://kolvika.ru/product/peridot-krug-250-mm,Полудрагоценный,Перидот (Хризолит),0.07 ct,Калиброваный,Различная,(N) Не подвергался,Китай,"Крайне незначительные включения, чистый на глаз",,,
Круг,1.3 мм,1.3 мм,150 руб,https://kolvika.ru/product/muassanit-krug-130-mm,,,0.01 ct,,,,Китай,,,,
Круг,4.0 мм,4.0 мм,200 руб,https://kolvika.ru/product/granat-kabashon-o-400-mm,Полудрагоценный,Гранат,0.5 ct,Калиброваный,Кабошон,(N) Не подвергался,,,,,
Круг,1.75 мм,1.75 мм,9 руб,https://kolvika.ru/product/fianit-swiss-nano-krug-175-mm,,,,,,,,,,,
Круг,4.0 мм,4.0 мм,90 руб,https://kolvika.ru/product/topaz-bts-krug-400-mm,Полудрагоценный,Топаз,0.29 ct,Калиброваный,Смешанная,,,"Крайне незначительные включения, чистый на глаз",,,
Овал,3.0 мм,4.0 мм,32 руб,https://kolvika.ru/product/fianit-oval-300-h-400-mm-belyy-aa,,,,,,,,,,,
Круг,1.0 мм,1.0 мм,7 руб,https://kolvika.ru/product/fianit-london-nano-krug-10-mm,,,,,,,,,,,
Багет,6.0 мм,3.0 мм,40 руб,https://kolvika.ru/product/fianit-bts-baget-600-h-300-mm,,,,,,,,,,,
Круг,1.0 мм,1.0 мм,70 руб,https://kolvika.ru/product/ametist-nasyschennyy-krug-100-mm,Полудрагоценный,Аметист,0.004 Ct,Калиброваный,Различная,(H) Термическая обработка,Южная Америка,"Незначительные включения, чистый на глаз",,,
Круг,4.25 мм,4.25 мм,28 руб,https://kolvika.ru/product/fianit-krug-425-h-425-mm-belyy-ba,,,,,,,,,,,
Круг,4.0 мм,4.0 мм,120 руб,https://kolvika.ru/product/topaz-sky-krug-400-h-400-mm,Полудрагоценный,Топаз Скай,0.31 ct,Калиброваный,Португальская,(G) Облучение,Южная Америка,"Крайне незначительные включения, чистый на глаз",,,
Круг,2.8 мм,2.8 мм,7 руб,https://kolvika.ru/product/fianit-krug-280-h-280-mm-belyy-ba,,,,,,,,,,,
,2.0 мм,2.0 мм,50 руб,https://kolvika.ru/product/topaz-bts-krug-20-mm,Полудрагоценный,Топаз,0.04 ct,Калиброваный,Бриллиантовая,,,"Незначительные включения, чистый на глаз",,,
Маркиз,5.0 мм,10.0 мм,125 руб,https://kolvika.ru/product/fianit-markiza-500-h-1000-mm-belyy-aa,,,,,,,,,,,
Круг,2.5 мм,2.5 мм,100 руб,https://kolvika.ru/product/granat-krug-250-h-250-mm,Полудрагоценный,Гранат,0.06 ct,Калиброваный,Различная,(N) Не подвергался,Южная Америка,"Крайне незначительные включения, чистый на глаз",,,
Круг,9.0 мм,9.0 мм,188 руб,https://kolvika.ru/product/fianit-krug-900-mm,,,,,,,,,,,
Круг,2.0 мм,2.0 мм,165 руб,https://kolvika.ru/product/topaz-swiss-krug-200-mm,Полудрагоценный,Топаз Свисс,0.04 ct,Калиброваный,Португальская,(G) Облучение,Южная Америка,"Крайне незначительные включения, чистый на глаз",,,
Круг,1.0 мм,1.0 мм,5 руб,https://kolvika.ru/product/fianit-zheltyy-o-100-mm,,,,,,,,,,,
Круг,1.5 мм,1.5 мм,13 руб,https://kolvika.ru/product/fianit-morganit-krug-15-mm,,,,,,,,,,,
Груша,3.0 мм,4.0 мм,57 руб,https://kolvika.ru/product/fianit-grusha-300-h-400-mm-belyy-aa,,,,,,,,,,,
Круг,0.8 мм,0.8 мм,32 руб,https://kolvika.ru/product/muassanit-krug-080-mm,,,0.01 ct,,,,Китай,,,,
Овал,4.0 мм,5.0 мм,38 руб,https://kolvika.ru/product/fianit-oval-400-h-500-mm-belyy-aa,,,,,,,,,,,
Круг,2.5 мм,2.5 мм,70 руб,https://kolvika.ru/product/ametist-svetlyy-krug-250-h-250-mm,Полудрагоценный,Аметист,0.05 ct,Калиброваный,Различная,(H) Термическая обработка,Южная Америка,"Крайне незначительные включения, чистый на глаз",,,
Груша,3.0 мм,5.0 мм,57 руб,https://kolvika.ru/product/fianit-grusha-300-h-500-mm-belyy-aa,,,,,,,,,,,
Круг,3.25 мм,3.25 мм,8 руб,https://kolvika.ru/product/fianit-krug-325-h-325-mm-belyy-ba,,,,,,,,,,,
Круг,1.25 мм,1.25 мм,7 руб,https://kolvika.ru/product/fianit-swiss-nano-krug-125-mm,,,,,,,,,,,
Круг,1.75 мм,1.75 мм,7 руб,https://kolvika.ru/product/fianit-shampan-cz-krug-175-mm,,,,,,,,,,,
Груша,5.0 мм,3.0 мм,50 руб,https://kolvika.ru/product/kvarts-grusha-500-h-300-mm,Полудрагоценный,Кварц,0.2 ct,Калиброваный,Смешанная,,,,,,
Багет,5.0 мм,2.5 мм,30 руб,https://kolvika.ru/product/fianit-bts-baget-500-h-250-mm,,,,,,,,,,,
Груша,6.0 мм,8.0 мм,113 руб,https://kolvika.ru/product/fianit-grusha-600-h-800-mm-belyy-aa,,,,,,,,,,,
Круг,1.5 мм,1.5 мм,9 руб,https://kolvika.ru/product/fianit-rauh-o-150-mm,,,,,,,,,,,
Круг,1.5 мм,1.5 мм,70 руб,https://kolvika.ru/product/ametist-svetlyy-krug-150-h-150-mm,Полудрагоценный,Аметист,0.015 ct,Калиброваный,Различная,(H) Термическая обработка,Южная Америка,"Крайне незначительные включения, чистый на глаз",,,
Круг,2.5 мм,2.5 мм,190 руб,https://kolvika.ru/product/topaz-swiss-krug-250-mm,Полудрагоценный,Топаз Свисс,0.08 ct,Калиброваный,Португальская,(G) Облучение,Южная Америка,"Крайне незначительные включения, чистый на глаз",,,
Круг,3.5 мм,3.5 мм,120 руб,https://kolvika.ru/product/granat-krug-350-h-350-mm,Полудрагоценный,Гранат,0.22 ct,Калиброваный,Различная,(N) Не подвергался,Южная Америка,"Крайне незначительные включения, чистый на глаз",,,
Круг,2.0 мм,2.0 мм,18 руб,https://kolvika.ru/product/fianit-rauh-o-200-mm,,,,,,,,,,,
Круг,5.25 мм,5.25 мм,38 руб,https://kolvika.ru/product/fianit-krug-525-h-525-mm-belyy-ba,,,,,,,,,,,
Круг,,,830 руб,https://kolvika.ru/product/laboratorno-vyraschennye-brillianty-kr-57-180-185-mm,,Ограненный синтетический алмаз,,,,,,,,,
Круг,1.25 мм,1.25 мм,50 руб,https://kolvika.ru/product/peridot-krug-125-h-125-mm,Полудрагоценный,Перидот (Хризолит),0.01 ct,Калиброваный,Различная,(N) Не подвергался,Китай,"Крайне незначительные включения, чистый на глаз",,,
Груша,5.0 мм,7.0 мм,82 руб,https://kolvika.ru/product/fianit-grusha-500-h-700-mm-belyy-aa,,,,,,,,,,,
Круг,1.75 мм,1.75 мм,9 руб,https://kolvika.ru/product/fianit-london-nano-krug-175-mm,,,,,,,,,,,
Круг,2.0 мм,2.0 мм,515 руб,https://kolvika.ru/product/muassanit-krug-200-mm,,,0.03 ct,,,,Китай,,,,
Багет,4.0 мм,2.0 мм,20 руб,https://kolvika.ru/product/fianit-bts-baget-400-h-200-mm,,,,,,,,,,,
Маркиз,6.0 мм,3.0 мм,140 руб,https://kolvika.ru/product/peridot-markiz-600-h-300-mm,Полудрагоценный,Перидот (Хризолит),0.25 ct,Калиброваный,Различная,(N) Не подвергался,Китай,"Крайне незначительные включения, чистый на глаз",,,
Сердце,11.0 мм,11.0 мм,375 руб,https://kolvika.ru/product/fianit-serdtse-1100-h-1100-mm-belyy-aa,,,,,,,,,,,
Овал,5.0 мм,7.0 мм,90 руб,https://kolvika.ru/product/fianit-oval-500-h-700-mm-belyy-aa,,,,,,,,,,,
Круг,3.5 мм,3.5 мм,50 руб,https://kolvika.ru/product/shpinel-chernyy-krug-350-h-350-mm,Полудрагоценный,Шпинель,0.2 ct,Калиброваный,Бриллиантовая,(N) Не подвергался,Китай,,,,
Принцесса,6.0 мм,6.0 мм,63 руб,https://kolvika.ru/product/fianit-printsessa-600-h-600-mm-belyy-aa,,,,,,,,,,,
Груша,7.0 мм,10.0 мм,225 руб,https://kolvika.ru/product/fianit-grusha-700-h-1000-mm-belyy-aa,,,,,,,,,,,
Круг,1.0 мм,1.0 мм,40 руб,https://kolvika.ru/product/topaz-bestsvetnyy-o-100-mm,Полудрагоценный,Топаз,,Калиброваный,,,,,,,
Круг,8.0 мм,8.0 мм,125 руб,https://kolvika.ru/product/fianit-krug-800-h-800-mm-belyy-ba,,,,,,,,,,,
Сердце,6.0 мм,6.0 мм,300 руб,https://kolvika.ru/product/granat-serdtse-600-h-600-mm,Полудрагоценный,Гранат,0.9 ct,Калиброваный,Различная,(N) Не подвергался,Южная Америка,"Крайне незначительные включения, чистый на глаз",,,
Круг,12.0 мм,12.0 мм,375 руб,https://kolvika.ru/product/fianit-krug-1200-h-1200-mm-belyy-ba,,,,,,,,,,,
Круг,1.75 мм,1.75 мм,7 руб,https://kolvika.ru/product/fianit-olivkovyy-cz-krug-175-mm,,,,,,,,,,,
Круг,1.0 мм,1.0 мм,50 руб,https://kolvika.ru/product/tsitrin-krug-100-mm,Полудрагоценный,Цитрин,0.01 ct,Калиброваный,,(H) Термическая обработка,Бразилия,"Крайне незначительные включения, чистый на глаз",,,
Принцесса,3.5 мм,3.5 мм,38 руб,https://kolvika.ru/product/fianit-printsessa-350-h-350-mm-belyy-aa,,,,,,,,,,,
Круг,1.0 мм,1.0 мм,4 руб,https://kolvika.ru/product/fianit-shampan-cz-krug-10-mm,,,,,,,,,,,
Круг,2.0 мм,2.0 мм,65 руб,https://kolvika.ru/product/praziolit-krug-20-mm,Полудрагоценный,Празиолит,0.03 ct,Калиброваный,Смешанная,(N) Не подвергался,Бразилия,"Крайне незначительные включения, видимые невооруженным глазом",,,
Круг,,,400 руб,https://kolvika.ru/product/laboratorno-vyraschennye-brillianty-kr-57-150-155-mm,,Ограненный синтетический алмаз,,,,,,,,,
Принцесса,7.0 мм,7.0 мм,125 руб,https://kolvika.ru/product/fianit-printsessa-700-h-700-mm-belyy-aa,,,,,,,,,,,
Круг,1.5 мм,1.5 мм,65 руб,https://kolvika.ru/product/rauhtopaz-krug-150-h-150-mm,Полудрагоценный,Раухтопаз (Кварц дымчатый),0.01 ct,Калиброваный,,(H) Термическая обработка,Южная Америка,"Незначительные включения, чистый на глаз",,,
Круг,1.0 мм,1.0 мм,50 руб,https://kolvika.ru/product/peridot-krug-100-h-100-mm,Полудрагоценный,Перидот (Хризолит),0.01 ct,Калиброваный,Различная,(N) Не подвергался,Китай,"Крайне незначительные включения, чистый на глаз",,,
Круг,3.0 мм,3.0 мм,590 руб,https://kolvika.ru/product/lunnyy-kamen-kaboshon-krug-300-mm,Полудрагоценный,Лунный камень,0.14 ct,Штучный,Кабошон,(N) Не подвергался,Индия,Просвечивающий,,,
Круг,1.75 мм,1.75 мм,70 руб,https://kolvika.ru/product/granat-krug-175-h-175-mm,Полудрагоценный,Гранат,0.02 ct,Калиброваный,Различная,(N) Не подвергался,Южная Америка,"Крайне незначительные включения, чистый на глаз",,,
Круг,1.0 мм,1.0 мм,7 руб,https://kolvika.ru/product/fianit-morganit-krug-10-mm,,,,,,,,,,,
Октагон,6.0 мм,4.0 мм,270 руб,https://kolvika.ru/product/topaz-sky-oktagon-600-h-400-mm,Полудрагоценный,Топаз Скай,0.45 ct,Калиброваный,Португальская,(G) Облучение,Южная Америка,"Крайне незначительные включения, чистый на глаз",,,
Овал,6.0 мм,4.0 мм,170 руб,https://kolvika.ru/product/topaz-sky-oval-600-h-400-mm,Полудрагоценный,Топаз Скай,,Калиброваный,Португальская,(G) Облучение,Южная Америка,"Крайне незначительные включения, чистый на глаз",,,
Круг,3.0 мм,3.0 мм,70 руб,https://kolvika.ru/product/ametist-svetlyy-o-300-mm,Полудрагоценный,Аметист,0.09 ct,Калиброваный,Различная,(H) Термическая обработка,Южная Америка,"Крайне незначительные включения, чистый на глаз",,,
Маркиз,4.0 мм,8.0 мм,113 руб,https://kolvika.ru/product/fianit-markiza-400-h-800-mm-belyy-aa,,,,,,,,,,,
Принцесса,4.0 мм,4.0 мм,44 руб,https://kolvika.ru/product/fianit-printsessa-400-h-400-mm-belyy-aa,,,,,,,,,,,
Принцесса,10.0 мм,10.0 мм,225 руб,https://kolvika.ru/product/fianit-printsessa-1000-h-1000-mm-belyy-aa,,,,,,,,,,,
Круг,,,350 руб,https://kolvika.ru/product/laboratorno-vyraschennye-brillianty-kr-57-135-140-mm,,Ограненный синтетический алмаз,,,,,,,,,
Круг,2.5 мм,2.5 мм,75 руб,https://kolvika.ru/product/topaz-bestsvetnyy-o-250-mm,Полудрагоценный,Топаз,0.04 ct,Калиброваный,Бриллиантовая,,,"Незначительные включения, чистый на глаз",,,
Октагон,6.0 мм,4.0 мм,250 руб,https://kolvika.ru/product/granat-oktagon-600-h-400-mm,Полудрагоценный,Гранат,0.7 ct,Калиброваный,Различная,(N) Не подвергался,Южная Америка,,,,
Сердце,7.0 мм,7.0 мм,113 руб,https://kolvika.ru/product/fianit-serdtse-700-h-700-mm-belyy-aa,,,,,,,,,,,
Круг,4.0 мм,4.0 мм,140 руб,https://kolvika.ru/product/peridot-krug-400-h-400-mm,Полудрагоценный,Перидот (Хризолит),0.25 ct,Калиброваный,Различная,(N) Не подвергался,Китай,"Крайне незначительные включения, чистый на глаз",,,
Груша,4.0 мм,6.0 мм,69 руб,https://kolvika.ru/product/fianit-grusha-400-h-600-mm-belyy-aa,,,,,,,,,,,
Круг,,,50 руб,https://kolvika.ru/product/topaz-bts-krug-125-mm,Полудрагоценный,Топаз,1.2 ct,Калиброваный,Смешанная,,,"Крайне незначительные включения, чистый на глаз",,,
Овал,6.0 мм,8.0 мм,102 руб,https://kolvika.ru/product/fianit-oval-600-h-800-mm-belyy-aa,,,,,,,,,,,
Круг,4.0 мм,4.0 мм,100 руб,https://kolvika.ru/product/praziolit-krug-400-mm,Полудрагоценный,Празиолит,0.22 ct,Калиброваный,Смешанная,(N) Не подвергался,Бразилия,"Крайне незначительные включения, видимые невооруженным глазом",,,
Октагон,6.0 мм,4.0 мм,170 руб,https://kolvika.ru/product/ametist-svetlyy-oktagon-600-h-400-mm,Полудрагоценный,Аметист,0.55 ct,Калиброваный,Различная,(H) Термическая обработка,Южная Америка,"Крайне незначительные включения, чистый на глаз",,,
Круг,1.25 мм,1.25 мм,4 руб,https://kolvika.ru/product/fianit-shampan-cz-krug-125-mm,,,,,,,,,,,
Круг,1.5 мм,1.5 мм,7 руб,https://kolvika.ru/product/fianit-shampan-cz-krug-15-mm,,,,,,,,,,,
Круг,2.5 мм,2.5 мм,65 руб,https://kolvika.ru/product/rauhtopaz-krug-250-mm,Полудрагоценный,Раухтопаз (Кварц дымчатый),0.06 ct,Калиброваный,Бриллиантовая,(H) Термическая обработка,Южная Америка,"Незначительные включения, чистый на глаз",,,
Круг,2.0 мм,2.0 мм,275 руб,https://kolvika.ru/product/topaz-london-o-200-mm,Полудрагоценный,Топаз Лондон,,Калиброваный,,,,,,,
Круг,1.0 мм,1.0 мм,40 руб,https://kolvika.ru/product/ametist-svetlyy-o-100-mm,Полудрагоценный,Аметист,,,,,,,,,
Круг,,,1 000 руб,https://kolvika.ru/product/laboratorno-vyraschennye-brillianty-kr-57-195-205-mm,Лабораторно-выращенный,Ограненный синтетический алмаз,,,,,,,,,
,,,30 руб,https://kolvika.ru/product/shpinel-chernyy-o-150-mm,,,,,,,,,,,
Круг,,,130 руб,https://kolvika.ru/product/laboratorno-vyraschennye-brillianty-kr-57-080-085-mm,,Ограненный синтетический алмаз,,,,,,,,,
Круг,2.0 мм,2.0 мм,80 руб,https://kolvika.ru/product/ametist-svetlyy-krug-200-h-200-mm,Полудрагоценный,Аметист,0.03 ct,Калиброваный,Различная,(H) Термическая обработка,Южная Америка,"Крайне незначительные включения, чистый на глаз",,,
,3.0 мм,3.0 мм,100 руб,https://kolvika.ru/product/granat-krug-300-mm,Полудрагоценный,Гранат,0.13 Ct,Калиброваный,Различная,(N) Не подвергался,Южная Америка,"Крайне незначительные включения, чистый на глаз",,,
Маркиз,4.0 мм,2.0 мм,120 руб,https://kolvika.ru/product/topaz-sky-markiz-400-h-200-mm,Полудрагоценный,Топаз Скай,0.13 ct,Калиброваный,Португальская,(G) Облучение,Южная Америка,"Крайне незначительные включения, чистый на глаз",,,
Круг,3.0 мм,3.0 мм,210 руб,https://kolvika.ru/product/topaz-swiss-krug-300-h-300-mm,Полудрагоценный,Топаз Свисс,0.1 сt,Калиброваный,Португальская,(G) Облучение,Южная Америка,"Крайне незначительные включения, чистый на глаз",,,
Круг,5.0 мм,5.0 мм,590 руб,https://kolvika.ru/product/topaz-swiss-krug-500-mm,Полудрагоценный,Топаз Свисс,0.6 ct,Калиброваный,Португальская,(G) Облучение,Южная Америка,"Крайне незначительные включения, чистый на глаз",,,
Груша,7.0 мм,9.0 мм,225 руб,https://kolvika.ru/product/fianit-grusha-700-h-900-mm-belyy-aa,,,,,,,,,,,
Круг,3.0 мм,3.0 мм,340 руб,https://kolvika.ru/product/lazurit-kaboshon-krug-300-mm,Полудрагоценный,Лазурит,0.1 сt,Калиброваный,Кабошон,(N) Не подвергался,Афганистан,Непрозрачен,,,
Сердце,15.0 мм,15.0 мм,1 000 руб,https://kolvika.ru/product/fianit-serdtse-1500-h-1500-mm-belyy-aa,,,,,,,,,,,
Груша,8.0 мм,10.0 мм,238 руб,https://kolvika.ru/product/fianit-grusha-800-h-1000-mm-belyy-aa,,,,,,,,,,,
Круг,4.0 мм,4.0 мм,170 руб,https://kolvika.ru/product/topaz-sky-krug-kaboshon-400-mm,Полудрагоценный,Топаз Скай,,Калиброваный,Кабошон,(G) Облучение,,,,,
Принцесса,5.5 мм,5.5 мм,57 руб,https://kolvika.ru/product/fianit-printsessa-550-h-550-mm-belyy-aa,,,,,,,,,,,
Круг,1.25 мм,1.25 мм,250 руб,https://kolvika.ru/product/tsavorit-o-125-mm,Полудрагоценный,Тсаворит,0.007 ct,Калиброваный,Бриллиантовая,(N) Не подвергался,Восточная Африка,"Крайне незначительные включения, чистый на глаз",,,
Круг,11.0 мм,11.0 мм,313 руб,https://kolvika.ru/product/fianit-krug-1100-h-1100-mm-belyy-ba,,,,,,,,,,,
Круг,6.0 мм,6.0 мм,38 руб,https://kolvika.ru/product/fianit-chernyy-o-600-mm,,,,,,,,,,,
Груша,5.0 мм,3.0 мм,70 руб,https://kolvika.ru/product/granat-grusha-500-h-300-mm,Полудрагоценный,Гранат,0.2 ct,Калиброваный,Различная,(N) Не подвергался,Южная Америка,"Крайне незначительные включения, чистый на глаз",,,
Круг,3.0 мм,3.0 мм,250 руб,https://kolvika.ru/product/ametist-nasyschennyy-krug-300-h-300-mm,Полудрагоценный,Аметист,0.11 ct,Калиброваный,Различная,(H) Термическая обработка,Южная Америка,"Крайне незначительные включения, чистый на глаз",,,
Октагон,5.0 мм,3.0 мм,170 руб,https://kolvika.ru/product/topaz-sky-oktagon-500-h-300-mm,Полудрагоценный,Топаз Скай,0.45 ct,Калиброваный,Португальская,(G) Облучение,Южная Америка,"Крайне незначительные включения, чистый на глаз",,,
Сердце,6.0 мм,6.0 мм,300 руб,https://kolvika.ru/product/topaz-sky-serdtse-600-h-600-mm,Полудрагоценный,Топаз Скай,0.95 ct,Калиброваный,Португальская,(G) Облучение,Южная Америка,"Крайне незначительные включения, чистый на глаз",,,
Круг,5.0 мм,5.0 мм,350 руб,https://kolvika.ru/product/peridot-krug-500-h-500-mm,Полудрагоценный,Перидот (Хризолит),0.5 ct,Калиброваный,Различная,(N) Не подвергался,Китай,"Крайне незначительные включения, чистый на глаз",,,
Сердце,5.0 мм,5.0 мм,88 руб,https://kolvika.ru/product/fianit-serdtse-500-h-500-mm-belyy-aa,,,,,,,,,,,
Груша,5.0 мм,3.0 мм,93 руб,https://kolvika.ru/product/korund-rubinovyy-grusha-500-h-300-mm,,,,,,,,,,,
Круг,1.0 мм,1.0 мм,63 руб,https://kolvika.ru/product/muassanit-krug-100-mm,,,0.01 ct,,,,Китай,,,,
Маркиз,4.0 мм,2.0 мм,70 руб,https://kolvika.ru/product/ametist-svetlyy-markiz-40-h-20-mm,Полудрагоценный,Аметист,0.07 ct,Калиброваный,Клиньевая,(H) Термическая обработка,Южная Америка,"Крайне незначительные включения, чистый на глаз",,,
Круг,,,1 150 руб,https://kolvika.ru/product/laboratorno-vyraschennye-brillianty-kr-57-205-215-mm,Лабораторно-выращенный,Ограненный синтетический алмаз,,,,,,,,,
Круг,4.0 мм,4.0 мм,60 руб,https://kolvika.ru/product/fianit-sapfir-o-400-mm,,,,,,,,,,,
Овал,5.0 мм,3.0 мм,90 руб,https://kolvika.ru/product/ametist-svetlyy-oval-500-h-300-mm,Полудрагоценный,Аметист,0.22 ct,Калиброваный,Различная,(H) Термическая обработка,Южная Америка,"Крайне незначительные включения, чистый на глаз",,,
Маркиз,5.0 мм,2.5 мм,90 руб,https://kolvika.ru/product/ametist-svetlyy-markiz-500-h-250-mm,Полудрагоценный,Аметист,0.13 Ct,Калиброваный,Различная,(H) Термическая обработка,Южная Америка,"Крайне незначительные включения, чистый на глаз",,,
Маркиз,5.0 мм,2.5 мм,140 руб,https://kolvika.ru/product/topaz-sky-markiz-500-h-250-mm,Полудрагоценный,Топаз Скай,0.16 ct,Калиброваный,Португальская,(G) Облучение,Южная Америка,"Крайне незначительные включения, чистый на глаз",,,
Круг,4.5 мм,4.5 мм,170 руб,https://kolvika.ru/product/granat-krug-450-h-450-mm,Полудрагоценный,Гранат,0.4 ct,Калиброваный,Различная,(N) Не подвергался,Южная Америка,"Крайне незначительные включения, чистый на глаз",,,
Овал,8.0 мм,6.0 мм,590 руб,https://kolvika.ru/product/granat-oval-800-h-600-mm,Полудрагоценный,Гранат,1.5 ct,Калиброваный,Различная,(N) Не подвергался,Южная Америка,"Крайне незначительные включения, чистый на глаз",,,
Круг,3.0 мм,3.0 мм,300 руб,https://kolvika.ru/product/rodolit-krug-300-h-300-mm,Полудрагоценный,Родолит,0.13 ct,Калиброваный,Португальская,(N) Не подвергался,Восточная Африка,"Незначительные включения, чистый на глаз",,,
Сердце,6.0 мм,6.0 мм,100 руб,https://kolvika.ru/product/fianit-serdtse-600-h-600-mm-belyy-aa,,,,,,,,,,,
Сердце,10.0 мм,10.0 мм,313 руб,https://kolvika.ru/product/fianit-serdtse-1000-h-1000-mm-belyy-aa,,,,,,,,,,,
Принцесса,5.0 мм,5.0 мм,50 руб,https://kolvika.ru/product/fianit-printsessa-500-h-500-mm-belyy-aa,,,,,,,,,,,
Овал,6.0 мм,4.0 мм,420 руб,https://kolvika.ru/product/granat-kaboshon-oval-600-h-400-mm,Полудрагоценный,Гранат,0.55 ct,Калиброваный,Кабошон,,Южная Америка,,,,
Круг,4.0 мм,4.0 мм,120 руб,https://kolvika.ru/product/ametist-svetlyy-krug-400-h-400-mm,Полудрагоценный,Аметист,0.21 ct,Калиброваный,Различная,(H) Термическая обработка,Южная Америка,"Крайне незначительные включения, чистый на глаз",,,
Круг,9.5 мм,9.5 мм,219 руб,https://kolvika.ru/product/fianit-krug-950-h-950-mm-belyy-ba,,,,,,,,,,,
Круг,6.25 мм,6.25 мм,59 руб,https://kolvika.ru/product/fianit-krug-625-h-625-mm-belyy-ba,,,,,,,,,,,
Овал,5.0 мм,3.0 мм,100 руб,https://kolvika.ru/product/granat-oval-500-h-300-mm,Полудрагоценный,Гранат,0.3 ct,Калиброваный,Различная,(N) Не подвергался,Южная Америка,"Крайне незначительные включения, чистый на глаз",,,
Сердце,5.0 мм,5.0 мм,170 руб,https://kolvika.ru/product/ametist-svetlyy-serdtse-500-h-500-mm,Полудрагоценный,Аметист,0.35 ct,Калиброваный,Различная,(H) Термическая обработка,Южная Америка,"Крайне незначительные включения, чистый на глаз",,,
Сердце,5.0 мм,5.0 мм,120 руб,https://kolvika.ru/product/granat-serdtse-500-h-500-mm,Полудрагоценный,Гранат,0.5 ct,Калиброваный,Различная,(N) Не подвергался,Южная Америка,"Крайне незначительные включения, чистый на глаз",,,
Круг,2.0 мм,2.0 мм,70 руб,https://kolvika.ru/product/topaz-sky-krug-200-mm,Полудрагоценный,Топаз Скай,0.04 ct,Калиброваный,Португальская,(G) Облучение,Южная Америка,"Крайне незначительные включения, чистый на глаз",,,
Квадрат,4.0 мм,4.0 мм,170 руб,https://kolvika.ru/product/granat-kvadrat-400-h-400-mm,Полудрагоценный,Гранат,0.35 ct,Калиброваный,Различная,(N) Не подвергался,Южная Америка,"Крайне незначительные включения, чистый на глаз",,,
Маркиз,4.0 мм,2.0 мм,90 руб,https://kolvika.ru/product/tsitrin-markiz-400-h-200-mm,Полудрагоценный,Цитрин,0.1 сt,Калиброваный,Различная,(H) Термическая обработка,Бразилия,"Крайне незначительные включения, чистый на глаз",,,
Круг,5.0 мм,5.0 мм,220 руб,https://kolvika.ru/product/topaz-sky-krug-500-h-500-mm,Полудрагоценный,Топаз Скай,0.6 ct,Калиброваный,Португальская,(G) Облучение,Южная Америка,"Крайне незначительные включения, чистый на глаз",,,
Овал,15.0 мм,20.0 мм,750 руб,https://kolvika.ru/product/fianit-oval-1500-h-2000-mm-belyy-aa,,,,,,,,,,,
Маркиз,5.0 мм,2.5 мм,150 руб,https://kolvika.ru/product/peridot-markiz-500-h-250-mm,Полудрагоценный,Перидот (Хризолит),0.16 ct,Калиброваный,Различная,(N) Не подвергался,Китай,"Крайне незначительные включения, чистый на глаз",,,
Груша,4.0 мм,5.0 мм,63 руб,https://kolvika.ru/product/fianit-grusha-400-h-500-mm-belyy-aa,,,,,,,,,,,
Квадрат,4.0 мм,4.0 мм,240 руб,https://kolvika.ru/product/peridot-kvadrat-400-h-400-mm,Полудрагоценный,Перидот (Хризолит),0.3 ct,Калиброваный,Различная,(N) Не подвергался,Китай,"Крайне незначительные включения, чистый на глаз",,,
Круг,3.0 мм,3.0 мм,90 руб,https://kolvika.ru/product/topaz-bts-krug-30-mm,Полудрагоценный,Топаз,0.14 ct,Калиброваный,Смешанная,,,,,,
Круг,1.9 мм,1.9 мм,454 руб,https://kolvika.ru/product/muassanit-krug-190-mm,,,0.02 ct,,,,Китай,,,,
Сердце,3.0 мм,3.0 мм,38 руб,https://kolvika.ru/product/fianit-serdtse-300-h-300-mm-belyy-aa,,,,,,,,,,,
Круг,7.5 мм,7.5 мм,94 руб,https://kolvika.ru/product/fianit-krug-750-h-750-mm-belyy-ba,,,,,,,,,,,
Сердце,4.0 мм,4.0 мм,63 руб,https://kolvika.ru/product/fianit-serdtse-400-h-400-mm-belyy-aa,,,,,,,,,,,
Круг,2.1 мм,2.1 мм,1 500 руб,https://kolvika.ru/product/demantoid-granat-krug-210-mm,Полудрагоценный,Демантоид,,Калиброваный,,,,,,,
Круг,4.0 мм,4.0 мм,340 руб,https://kolvika.ru/product/lazurit-kaboshon-krug-400-mm,Полудрагоценный,Лазурит,0.2 ct,Калиброваный,Кабошон,(N) Не подвергался,Афганистан,Непрозрачен,,,
Круг,,,210 руб,https://kolvika.ru/product/laboratorno-vyraschennye-brillianty-kr-57-100-105-mm,,Ограненный синтетический алмаз,,,,,,,,,
Круг,,,2 100 руб,https://kolvika.ru/product/laboratorno-vyraschennye-brillianty-kr-57-265-275-mm,Лабораторно-выращенный,Ограненный синтетический алмаз,,,,,,,,,
Круг,,,1 280 руб,https://kolvika.ru/product/laboratorno-vyraschennye-brillianty-kr-57-215-225-mm,Лабораторно-выращенный,Ограненный синтетический алмаз,,,,,,,,,
Овал,8.0 мм,6.0 мм,665 руб,https://kolvika.ru/product/kvarts-oval-800-h-600-mm,Полудрагоценный,Кварц,,Калиброваный,,,,,,,
Круг,,,570 руб,https://kolvika.ru/product/laboratorno-vyraschennye-brillianty-kr-57-165-170-mm,,Ограненный синтетический алмаз,,,,,,,,,
Круг,3.0 мм,3.0 мм,65 руб,https://kolvika.ru/product/praziolit-krug-300-mm,Полудрагоценный,Празиолит,0.13 ct,Калиброваный,Смешанная,(N) Не подвергался,Бразилия,"Крайне незначительные включения, видимые невооруженным глазом",,,
Круг,0.9 мм,0.9 мм,4 руб,https://kolvika.ru/product/fianit-rubin-o-090-mm,,,,,,,,,,,
Квадрат,4.0 мм,4.0 мм,170 руб,https://kolvika.ru/product/ametist-svetlyy-kvadrat-400-h-400-mm,Полудрагоценный,Аметист,0.4 ct,Калиброваный,Различная,(H) Термическая обработка,Южная Америка,,,,
Квадрат,3.0 мм,3.0 мм,90 руб,https://kolvika.ru/product/granat-kvadrat-300-h-300-mm,Полудрагоценный,Гранат,0.2 ct,Калиброваный,Различная,(N) Не подвергался,Южная Америка,"Крайне незначительные включения, чистый на глаз",,,
Круг,4.0 мм,4.0 мм,520 руб,https://kolvika.ru/product/ametist-nasyschennyy-krug-400-h-400-mm,Полудрагоценный,Аметист,0.21 ct,Калиброваный,Различная,(H) Термическая обработка,Южная Америка,"Крайне незначительные включения, чистый на глаз",,,
Круг,6.0 мм,6.0 мм,340 руб,https://kolvika.ru/product/granat-krug-600-h-600-mm,Полудрагоценный,Гранат,0.9 ct,Калиброваный,Различная,(N) Не подвергался,Южная Америка,"Крайне незначительные включения, чистый на глаз",,,
Багет,4.0 мм,2.0 мм,140 руб,https://kolvika.ru/product/topaz-sky-baget-400-h-200-mm,Полудрагоценный,Топаз Скай,0.1 сt,Калиброваный,Португальская,(G) Облучение,Южная Америка,"Крайне незначительные включения, чистый на глаз",,,
Октагон,6.0 мм,4.0 мм,690 руб,https://kolvika.ru/product/topaz-swiss-oktagon-600-h-400-mm,Полудрагоценный,Топаз Свисс,0.6 ct,Калиброваный,Португальская,(G) Облучение,Южная Америка,"Крайне незначительные включения, чистый на глаз",,,
Круг,1.5 мм,1.5 мм,90 руб,https://kolvika.ru/product/topaz-sky-krug-150-mm,Полудрагоценный,Топаз Скай,0.02 ct,Калиброваный,Португальская,(G) Облучение,Южная Америка,"Крайне незначительные включения, чистый на глаз",,,
Сердце,4.0 мм,4.0 мм,140 руб,https://kolvika.ru/product/tsitrin-serdtse-400-h-400-mm,Полудрагоценный,Цитрин,0.2 ct,Калиброваный,Различная,(H) Термическая обработка,Бразилия,"Крайне незначительные включения, чистый на глаз",,,
Круг,5.0 мм,5.0 мм,215 руб,https://kolvika.ru/product/tsitrin-krug-500-h-500-mm,Полудрагоценный,Цитрин,0.45 ct,Калиброваный,Различная,(H) Термическая обработка,Бразилия,"Крайне незначительные включения, чистый на глаз",,,
Октагон,3.0 мм,3.0 мм,270 руб,https://kolvika.ru/product/rodolit-oktagon-300-x-300-x-230-mm,Полудрагоценный,Родолит,0.18 ct,Калиброваный,Португальская,(N) Не подвергался,Восточная Африка,"Незначительные включения, чистый на глаз",,,
Сердце,8.0 мм,8.0 мм,150 руб,https://kolvika.ru/product/fianit-serdtse-800-h-800-mm-belyy-aa,,,,,,,,,,,
Овал,7.0 мм,9.0 мм,113 руб,https://kolvika.ru/product/fianit-oval-700-h-900-mm-belyy-aa,,,,,,,,,,,
Сердце,6.0 мм,6.0 мм,415 руб,https://kolvika.ru/product/tsitrin-serdtse-600-h-600-mm,Полудрагоценный,Цитрин,0.65 ct,Калиброваный,Различная,(H) Термическая обработка,Бразилия,"Крайне незначительные включения, чистый на глаз",,,
Круг,4.0 мм,4.0 мм,2 260 руб,https://kolvika.ru/product/tanzanit-o-400-mm,Полудрагоценный,Танзанит,0.3 ct,Штучный,Модифицированная,(H) Термическая обработка,,,,,
Круг,2.0 мм,2.0 мм,65 руб,https://kolvika.ru/product/rauhtopaz-o-200-mm,Полудрагоценный,Раухтопаз (Кварц дымчатый),,Калиброваный,,,,,,,
Круг,1.5 мм,1.5 мм,50 руб,https://kolvika.ru/product/topaz-bts-krug-150-mm,Полудрагоценный,Топаз,0.01 ct,Калиброваный,Смешанная,,,"Крайне незначительные включения, чистый на глаз",,,
Круг,3.0 мм,3.0 мм,320 руб,https://kolvika.ru/product/topaz-london-o-300-mm,Полудрагоценный,Топаз Лондон,,Калиброваный,,,,,,,
Круг,3.0 мм,3.0 мм,740 руб,https://kolvika.ru/product/tanzanit-o-30-mm,Полудрагоценный,Танзанит,0.1 сt,Калиброваный,Бриллиантовая,(H) Термическая обработка,Танзания,,,,
Круг,3.0 мм,3.0 мм,50 руб,https://kolvika.ru/product/shpinel-chernyy-o-300-mm,Полудрагоценный,Шпинель,0.1 сt,Калиброваный,Бриллиантовая,(N) Не подвергался,,,,,
Круг,1.25 мм,1.25 мм,70 руб,https://kolvika.ru/product/ametist-svetlyy-krug-125-h-125-mm,Полудрагоценный,Аметист,0.013 ct,Калиброваный,Различная,(H) Термическая обработка,Южная Америка,"Крайне незначительные включения, чистый на глаз",,,
Квадрат,5.0 мм,5.0 мм,250 руб,https://kolvika.ru/product/ametist-svetlyy-kvadrat-500-h-500-mm,Полудрагоценный,Аметист,0.65 ct,Калиброваный,Различная,(H) Термическая обработка,Южная Америка,"Крайне незначительные включения, чистый на глаз",,,
Груша,4.0 мм,3.0 мм,70 руб,https://kolvika.ru/product/granat-grusha-400-h-300-mm,Полудрагоценный,Гранат,,Калиброваный,Различная,(N) Не подвергался,Южная Америка,"Крайне незначительные включения, чистый на глаз",,,
,5.0 мм,2.5 мм,150 руб,https://kolvika.ru/product/granat-markiz-500-h-250-mm,Полудрагоценный,Гранат,0.2 ct,Калиброваный,Различная,(N) Не подвергался,Южная Америка,"Крайне незначительные включения, чистый на глаз",,,
Овал,8.0 мм,6.0 мм,590 руб,https://kolvika.ru/product/topaz-sky-oval-800-h-600-mm,Полудрагоценный,Топаз Скай,1.6 ct,Калиброваный,Португальская,(G) Облучение,Южная Америка,"Крайне незначительные включения, чистый на глаз",,,
Круг,4.5 мм,4.5 мм,170 руб,https://kolvika.ru/product/topaz-sky-krug-450-h-450-mm,Полудрагоценный,Топаз Скай,0.45 ct,Калиброваный,Португальская,(G) Облучение,Южная Америка,"Крайне незначительные включения, чистый на глаз",,,
Октагон,5.0 мм,3.0 мм,165 руб,https://kolvika.ru/product/peridot-oktagon-500-h-300-mm,Полудрагоценный,Перидот (Хризолит),0.35 ct,Калиброваный,Различная,(N) Не подвергался,Китай,"Крайне незначительные включения, чистый на глаз",,,
Октагон,6.0 мм,4.0 мм,365 руб,https://kolvika.ru/product/peridot-oktagon-600-h-400-mm,Полудрагоценный,Перидот (Хризолит),0.5 ct,Калиброваный,Различная,(N) Не подвергался,Китай,"Крайне незначительные включения, чистый на глаз",,,
Круг,6.0 мм,6.0 мм,300 руб,https://kolvika.ru/product/praziolit-krug-600-mm,Полудрагоценный,Перидот (Хризолит),0.8 ct,,Смешанная,(N) Не подвергался,,,,,
Круг,2.5 мм,2.5 мм,465 руб,https://kolvika.ru/product/akvamarin-krug-250-x-250-mm,Полудрагоценный,Аквамарин,0.05 ct,Штучный,Португальская,(N) Не подвергался,Восточная Африка,"Крайне незначительные включения, чистый на глаз",,,
Круг,6.0 мм,6.0 мм,340 руб,https://kolvika.ru/product/topaz-sky-krug-600-h-600-mm,Полудрагоценный,Топаз Скай,1.0 ct,Калиброваный,Португальская,(G) Облучение,Южная Америка,"Крайне незначительные включения, чистый на глаз",,,
Круг,3.0 мм,3.0 мм,590 руб,https://kolvika.ru/product/akvamarin-krug-300-h-300,Полудрагоценный,Аквамарин,,Калиброваный,,,,,,,
Багет,5.0 мм,2.5 мм,130 руб,https://kolvika.ru/product/topaz-sky-baget-50-h-25-mm,Полудрагоценный,Топаз Скай,0.25 ct,Калиброваный,Клиньевая,(G) Облучение,Южная Америка,"Крайне незначительные включения, чистый на глаз",,,
Круг,1.7 мм,1.7 мм,333 руб,https://kolvika.ru/product/muassanit-krug-170-mm,,,0.02 ct,,,,Китай,,,,
Круг,1.8 мм,1.8 мм,409 руб,https://kolvika.ru/product/muassanit-krug-180-mm,,,0.02 ct,,,,Китай,,,,
Круг,0.9 мм,0.9 мм,7 руб,https://kolvika.ru/product/fianit-ametistovyy-krug-09-mm,,,,,,,,,,,
Маркиз,2.5 мм,5.0 мм,3 510 руб,https://kolvika.ru/product/muassanit-bts-markiz-250-h-500-mm,,,,,,,,,,,
Круг,2.5 мм,2.5 мм,300 руб,https://kolvika.ru/product/topaz-london-o-250-mm,Полудрагоценный,Топаз Лондон,,Калиброваный,,,,,,,
Круг,6.0 мм,6.0 мм,1 050 руб,https://kolvika.ru/product/o-600-mm,Полудрагоценный,Перидот (Хризолит),0.9 ct,Калиброваный,Различная,(N) Не подвергался,Китай,"Крайне незначительные включения, чистый на глаз",,,
Круг,,,240 руб,https://kolvika.ru/product/laboratorno-vyraschennye-brillianty-kr-57-105-110-mm,,Ограненный синтетический алмаз,,,,,,,,,
Круг,3.5 мм,3.5 мм,350 руб,https://kolvika.ru/product/topaz-london-o-350-mm,Полудрагоценный,Топаз Лондон,,Калиброваный,,,,,,,
Круг,6.0 мм,6.0 мм,250 руб,https://kolvika.ru/product/ametist-svetlyy-krug-600-h-600-mm,Полудрагоценный,Аметист,0.75 ct,Калиброваный,Различная,(H) Термическая обработка,Южная Америка,"Крайне незначительные включения, чистый на глаз",,,
Овал,4.0 мм,3.0 мм,100 руб,https://kolvika.ru/product/ametist-svetlyy-oval-400-h-300-mm,Полудрагоценный,Аметист,0.15 ct,Калиброваный,Различная,(H) Термическая обработка,Южная Америка,"Крайне незначительные включения, чистый на глаз",,,
Круг,5.0 мм,5.0 мм,5 500 руб,https://kolvika.ru/product/tanzanit-o-50-mm,Полудрагоценный,Танзанит,0.5 ct,Калиброваный,Бриллиантовая,(H) Термическая обработка,Танзания,,,,
Круг,8.0 мм,8.0 мм,2 500 руб,https://kolvika.ru/product/granat-krug-800-h-800-mm,Полудрагоценный,Гранат,2.0 ct,Калиброваный,Различная,(N) Не подвергался,Южная Америка,"Крайне незначительные включения, чистый на глаз",,,
Овал,6.0 мм,4.0 мм,140 руб,https://kolvika.ru/product/granat-oval-600-h-400-mm,Полудрагоценный,Гранат,0.5 ct,Калиброваный,Различная,(N) Не подвергался,Южная Америка,"Крайне незначительные включения, чистый на глаз",,,
Круг,3.5 мм,3.5 мм,120 руб,https://kolvika.ru/product/topaz-sky-krug-350-h-350-mm,Полудрагоценный,Топаз Скай,0.21 ct,Калиброваный,Португальская,(G) Облучение,Южная Америка,"Крайне незначительные включения, чистый на глаз",,,
Груша,6.0 мм,4.0 мм,120 руб,https://kolvika.ru/product/granat-grusha-600-h-400-mm,Полудрагоценный,Гранат,0.45 ct,Калиброваный,Различная,(N) Не подвергался,Южная Америка,"Крайне незначительные включения, чистый на глаз",,,
Сердце,4.0 мм,4.0 мм,90 руб,https://kolvika.ru/product/granat-serdtse-400-h-400-mm,Полудрагоценный,Гранат,0.28 ct,Калиброваный,Различная,(N) Не подвергался,Южная Америка,"Крайне незначительные включения, чистый на глаз",,,
Круг,7.0 мм,7.0 мм,500 руб,https://kolvika.ru/product/topaz-sky-krug-700-h-700-mm,Полудрагоценный,Топаз Скай,1.65 ct,Калиброваный,Португальская,(G) Облучение,Южная Америка,"Крайне незначительные включения, чистый на глаз",,,
Октагон,10.0 мм,5.0 мм,1 590 руб,https://kolvika.ru/product/topaz-sky-baget-1000-h-500-mm,Полудрагоценный,Топаз Скай,3.0 ct,Калиброваный,Португальская,(G) Облучение,,"Крайне незначительные включения, чистый на глаз",,,
Круг,8.0 мм,8.0 мм,1 035 руб,https://kolvika.ru/product/topaz-sky-krug-800-h-800-mm,Полудрагоценный,Топаз Скай,2.35 ct,Калиброваный,Португальская,(G) Облучение,Южная Америка,"Крайне незначительные включения, чистый на глаз",,,
Октагон,8.0 мм,6.0 мм,730 руб,https://kolvika.ru/product/topaz-sky-oktagon-800-h-600-mm,Полудрагоценный,Топаз Скай,2.0 ct,Калиброваный,,(G) Облучение,Южная Америка,,,,
Круг,4.0 мм,4.0 мм,120 руб,https://kolvika.ru/product/rauhtopaz-krug-400-h-400-mm,Полудрагоценный,Раухтопаз (Кварц дымчатый),0.2 ct,Калиброваный,Бриллиантовая,(H) Термическая обработка,Южная Америка,"Незначительные включения, чистый на глаз",,,
Круг,1.25 мм,1.25 мм,165 руб,https://kolvika.ru/product/topaz-swiss-krug-120-h-120-mm,Полудрагоценный,Топаз Свисс,0.01 ct,Калиброваный,Португальская,(G) Облучение,Южная Америка,"Крайне незначительные включения, чистый на глаз",,,
Круг,4.5 мм,4.5 мм,165 руб,https://kolvika.ru/product/tsitrin-krug-450-h-450-mm,Полудрагоценный,Цитрин,0.4 ct,Калиброваный,Различная,(H) Термическая обработка,Бразилия,"Крайне незначительные включения, чистый на глаз",,,
Квадрат,2.5 мм,2.5 мм,415 руб,https://kolvika.ru/product/topaz-swiss-kvadrat-250-h-250-mm,Полудрагоценный,Топаз Свисс,0.1 сt,Калиброваный,Португальская,(G) Облучение,Южная Америка,"Крайне незначительные включения, чистый на глаз",,,
Квадрат,6.0 мм,6.0 мм,470 руб,https://kolvika.ru/product/tsitrin-kvadrat-600-h-600-mm,Полудрагоценный,Цитрин,1.1 ct,Калиброваный,Различная,(H) Термическая обработка,Бразилия,"Крайне незначительные включения, чистый на глаз",,,
Овал,10.0 мм,8.0 мм,1 190 руб,https://kolvika.ru/product/tsitrin-oval-1000-h-800-mm,Полудрагоценный,Цитрин,2.4 ct,Калиброваный,Различная,(H) Термическая обработка,Бразилия,"Крайне незначительные включения, чистый на глаз",,,
Триллион,4.0 мм,4.0 мм,90 руб,https://kolvika.ru/product/tsitrin-trillion-400-h-400-mm,Полудрагоценный,Цитрин,0.2 ct,Калиброваный,Различная,(H) Термическая обработка,Бразилия,"Крайне незначительные включения, чистый на глаз",,,
Триллион,5.0 мм,5.0 мм,165 руб,https://kolvika.ru/product/tsitrin-trillion-500-h-500-mm,Полудрагоценный,Цитрин,0.35 ct,Калиброваный,Различная,(H) Термическая обработка,Бразилия,"Крайне незначительные включения, чистый на глаз",,,
Груша,5.0 мм,3.0 мм,350 руб,https://kolvika.ru/product/rodolit-grusha-500-x-300-mm,Полудрагоценный,Родолит,0.2 ct,Калиброваный,Португальская,(N) Не подвергался,Восточная Африка,"Незначительные включения, чистый на глаз",,,
Круг,3.5 мм,3.5 мм,100 руб,https://kolvika.ru/product/peridot-krug-350-h-350-mm,Полудрагоценный,Перидот (Хризолит),0.1 сt,Калиброваный,Различная,(N) Не подвергался,Китай,"Крайне незначительные включения, чистый на глаз",,,
Принцесса,2.75 мм,2.75 мм,38 руб,https://kolvika.ru/product/fianit-printsessa-275-h-275-mm-belyy-aa,,,,,,,,,,,
Груша,6.0 мм,9.0 мм,113 руб,https://kolvika.ru/product/fianit-grusha-600-h-900-mm-belyy-aa,,,,,,,,,,,
Груша,5.0 мм,8.0 мм,113 руб,https://kolvika.ru/product/fianit-grusha-500-h-800-mm-belyy-aa,,,,,,,,,,,
Груша,15.0 мм,20.0 мм,1 125 руб,https://kolvika.ru/product/fianit-grusha-1500-h-2000-mm-belyy-aa,,,,,,,,,,,
Круг,6.75 мм,6.75 мм,63 руб,https://kolvika.ru/product/fianit-krug-675-h-675-mm-belyy-ba,,,,,,,,,,,
Круг,3.85 мм,3.85 мм,590 руб,https://kolvika.ru/product/idokraz-krug-kaboshon-385-mm,Полудрагоценный,Идокраз,0.28 ct,Калиброваный,Кабошон,(N) Не подвергался,Танзания,"Незначительные включения, видимые невооруженным глазом",,,
Багет,5.3 мм,2.5 мм,220 руб,https://kolvika.ru/product/ametist-svetlyy-baget-500-h-250-mm,Полудрагоценный,Аметист,0.2 ct,Калиброваный,Смешанная,(H) Термическая обработка,Южная Америка,"Крайне незначительные включения, чистый на глаз",,,
Принцесса,3.5 мм,3.5 мм,5 896 руб,https://kolvika.ru/product/muassanit-bts-printsessa-350-h-350-mm,,,,,,,,,,,
Кушон,6.0 мм,6.0 мм,440 руб,https://kolvika.ru/product/ametist-kushon-600-h-600-mm,Полудрагоценный,Аметист,,Калиброваный,,,,,,,
Круг,2.5 мм,2.5 мм,365 руб,https://kolvika.ru/product/tanzanit-o-25-mm,Полудрагоценный,Танзанит,0.08 ct,Калиброваный,Бриллиантовая,(H) Термическая обработка,Танзания,,,,
Круг,1.0 мм,1.0 мм,50 руб,https://kolvika.ru/product/topaz-sky-o-100-mm,Полудрагоценный,Топаз Скай,0.0015 ct,Калиброваный,,,,,,,
Круг,1.75 мм,1.75 мм,50 руб,https://kolvika.ru/product/topaz-bestsvetnyy-o-175-mm,Полудрагоценный,Топаз,0.03 ct,Калиброваный,Бриллиантовая,,,,,,
Маркиз,8.0 мм,4.0 мм,170 руб,https://kolvika.ru/product/ametist-svetlyy-markiz-800-h-400-mm,Полудрагоценный,Аметист,0.5 ct,Калиброваный,Различная,(H) Термическая обработка,Южная Америка,"Крайне незначительные включения, чистый на глаз",,,
Круг,5.0 мм,5.0 мм,3 380 руб,https://kolvika.ru/product/akvamarin-o-500-mm,Полудрагоценный,Аквамарин,0.4 ct,Калиброваный,Бриллиантовая,(N) Не подвергался,Мадагаскар,,,,
Груша,6.0 мм,4.0 мм,170 руб,https://kolvika.ru/product/ametist-svetlyy-grusha-600-h-400-mm,Полудрагоценный,Аметист,0.45 ct,Калиброваный,Различная,(H) Термическая обработка,Южная Америка,"Крайне незначительные включения, чистый на глаз",,,
Маркиз,12.0 мм,6.0 мм,750 руб,https://kolvika.ru/product/ametist-svetlyy-markiz-1200-h-600-mm,Полудрагоценный,Аметист,,Калиброваный,Различная,(H) Термическая обработка,Южная Америка,"Крайне незначительные включения, чистый на глаз",,,
,10.0 мм,5.0 мм,420 руб,https://kolvika.ru/product/granat-markiz-1000-h-500-mm,Полудрагоценный,Гранат,1.2 ct,Калиброваный,Различная,(N) Не подвергался,Южная Америка,"Крайне незначительные включения, чистый на глаз",,,
Октагон,7.0 мм,5.0 мм,340 руб,https://kolvika.ru/product/ametist-svetlyy-oktagon-700-h-500-mm,Полудрагоценный,Аметист,0.9 ct,Калиброваный,Различная,(H) Термическая обработка,Южная Америка,"Крайне незначительные включения, чистый на глаз",,,
Октагон,8.0 мм,6.0 мм,590 руб,https://kolvika.ru/product/ametist-svetlyy-oktagon-800-h-600-mm,Полудрагоценный,Аметист,1.3 ct,Калиброваный,Различная,(H) Термическая обработка,Южная Америка,"Крайне незначительные включения, чистый на глаз",,,
Груша,7.0 мм,5.0 мм,250 руб,https://kolvika.ru/product/ametist-svetlyy-grusha-700-h-500-mm,Полудрагоценный,Аметист,0.65 ct,Калиброваный,Различная,(H) Термическая обработка,,"Крайне незначительные включения, чистый на глаз",,,
Квадрат,2.0 мм,2.0 мм,90 руб,https://kolvika.ru/product/granat-kvadrat-200-h-200-mm,Полудрагоценный,Гранат,0.05 ct,Калиброваный,Различная,(N) Не подвергался,Южная Америка,"Крайне незначительные включения, чистый на глаз",,,
Круг,2.25 мм,2.25 мм,90 руб,https://kolvika.ru/product/topaz-sky-krug-225-h-225-mm,Полудрагоценный,Топаз Скай,0.06 ct,Калиброваный,Португальская,(G) Облучение,Южная Америка,"Крайне незначительные включения, чистый на глаз",,,
Овал,5.0 мм,3.0 мм,140 руб,https://kolvika.ru/product/topaz-sky-oval-500-h-300-mm,Полудрагоценный,Топаз Скай,0.3 ct,Калиброваный,Португальская,(G) Облучение,Южная Америка,"Крайне незначительные включения, чистый на глаз",,,
Груша,6.0 мм,4.0 мм,170 руб,https://kolvika.ru/product/topaz-sky-grusha-600-h-400-mm,Полудрагоценный,Топаз Скай,0.5 ct,Калиброваный,Португальская,(G) Облучение,Южная Америка,"Крайне незначительные включения, чистый на глаз",,,
Овал,9.0 мм,7.0 мм,870 руб,https://kolvika.ru/product/topaz-sky-oval-900-h-700-mm,Полудрагоценный,Топаз Скай,2.4 ct,Калиброваный,Португальская,(G) Облучение,Южная Америка,"Крайне незначительные включения, чистый на глаз",,,
Овал,10.0 мм,8.0 мм,1 420 руб,https://kolvika.ru/product/topaz-sky-oval-1000-h-800-mm,Полудрагоценный,Топаз Скай,3.2 ct,Калиброваный,Португальская,(G) Облучение,Южная Америка,"Крайне незначительные включения, чистый на глаз",,,
Маркиз,6.0 мм,3.0 мм,220 руб,https://kolvika.ru/product/topaz-sky-markiz-600-h-300-mm,Полудрагоценный,Топаз Скай,0.35 ct,Калиброваный,Португальская,(G) Облучение,Южная Америка,"Крайне незначительные включения, чистый на глаз",,,
Октагон,7.0 мм,5.0 мм,450 руб,https://kolvika.ru/product/topaz-sky-oktagon-700-h-500-mm,Полудрагоценный,Топаз Скай,1.3 ct,Калиброваный,Португальская,(G) Облучение,Южная Америка,"Крайне незначительные включения, чистый на глаз",,,
Сердце,5.0 мм,5.0 мм,170 руб,https://kolvika.ru/product/topaz-sky-serdtse-500-h-500-mm,Полудрагоценный,Топаз Скай,0.55 ct,Калиброваный,Португальская,(G) Облучение,Южная Америка,"Крайне незначительные включения, чистый на глаз",,,
Квадрат,6.0 мм,6.0 мм,1 100 руб,https://kolvika.ru/product/topaz-swiss-kvadrat-600-h-600-mm,Полудрагоценный,Топаз Свисс,1.15 ct,Калиброваный,Португальская,(G) Облучение,Южная Америка,"Крайне незначительные включения, чистый на глаз",,,
Маркиз,5.0 мм,2.5 мм,350 руб,https://kolvika.ru/product/topaz-swiss-markiz-500-h-250-mm,Полудрагоценный,Топаз Свисс,0.15 ct,Калиброваный,Португальская,(G) Облучение,Южная Америка,"Крайне незначительные включения, чистый на глаз",,,
Круг,12.0 мм,12.0 мм,12 510 руб,https://kolvika.ru/product/topaz-swiss-krug-1200-h-1200-mm,Полудрагоценный,Топаз Свисс,7.7 ct,Калиброваный,Португальская,(G) Облучение,Южная Америка,"Крайне незначительные включения, чистый на глаз",,,
Круг,10.0 мм,10.0 мм,6 340 руб,https://kolvika.ru/product/topaz-swiss-krug-1000-h-1000-mm,Полудрагоценный,Топаз Свисс,3.9 ct,Калиброваный,Португальская,(G) Облучение,Южная Америка,"Крайне незначительные включения, чистый на глаз",,,
Октагон,5.0 мм,3.0 мм,440 руб,https://kolvika.ru/product/topaz-swiss-oktagon-500-h-300-mm,Полудрагоценный,Топаз Свисс,0.38 ct,Калиброваный,Португальская,(G) Облучение,Южная Америка,"Крайне незначительные включения, чистый на глаз",,,
,,,1 227 руб,https://kolvika.ru/product/topaz-swiss-oktagon-700-h-500-mm,,,,,,,,,,,
Триллион,5.0 мм,5.0 мм,550 руб,https://kolvika.ru/product/topaz-swiss-trillion-500-h-500-mm,Полудрагоценный,Топаз Свисс,0.48 ct,Калиброваный,Португальская,(G) Облучение,Южная Америка,"Крайне незначительные включения, чистый на глаз",,,
Круг,5.0 мм,5.0 мм,540 руб,https://kolvika.ru/product/topaz-london-krug-500-h-500-mm,Полудрагоценный,Топаз Лондон,0.5 ct,Калиброваный,Бриллиантовая,(G) Облучение,Бразилия,,,,
Круг,1.25 мм,1.25 мм,90 руб,https://kolvika.ru/product/tsitrin-krug-125-h-125-mm,Полудрагоценный,Цитрин,0.01 ct,Калиброваный,Различная,(H) Термическая обработка,Бразилия,"Крайне незначительные включения, чистый на глаз",,,
Груша,6.0 мм,4.0 мм,250 руб,https://kolvika.ru/product/peridot-grusha-600-h-400-mm,Полудрагоценный,Перидот (Хризолит),0.45 ct,Калиброваный,Различная,(N) Не подвергался,Китай,"Крайне незначительные включения, чистый на глаз",,,
Квадрат,5.0 мм,5.0 мм,340 руб,https://kolvika.ru/product/tsitrin-kvadrat-500-h-500-mm,Полудрагоценный,Цитрин,0.6 ct,Калиброваный,Различная,(H) Термическая обработка,Бразилия,"Крайне незначительные включения, чистый на глаз",,,
Маркиз,6.0 мм,3.0 мм,165 руб,https://kolvika.ru/product/tsitrin-markiz-600-h-300-mm,Полудрагоценный,Цитрин,0.2 ct,Калиброваный,Различная,(H) Термическая обработка,Бразилия,"Крайне незначительные включения, чистый на глаз",,,
,1.5 мм,1.5 мм,90 руб,https://kolvika.ru/product/tsitrin-krug-150-h-150-mm,Полудрагоценный,Цитрин,0.01 ct,Калиброваный,Различная,(H) Термическая обработка,Бразилия,"Крайне незначительные включения, чистый на глаз",,,
Круг,7.0 мм,7.0 мм,915 руб,https://kolvika.ru/product/tsitrin-krug-700-h-700-mm,Полудрагоценный,Цитрин,1.2 ct,Калиброваный,Различная,(H) Термическая обработка,Бразилия,"Крайне незначительные включения, чистый на глаз",,,
Овал,6.0 мм,4.0 мм,200 руб,https://kolvika.ru/product/tsitrin-oval-600-h-400-mm,Полудрагоценный,Цитрин,0.45 ct,Калиброваный,Различная,(H) Термическая обработка,Бразилия,"Крайне незначительные включения, чистый на глаз",,,
Овал,4.0 мм,3.0 мм,150 руб,https://kolvika.ru/product/peridot-oval-400-h-300-mm,Полудрагоценный,Перидот (Хризолит),0.18 ct,Калиброваный,Различная,(N) Не подвергался,Китай,"Крайне незначительные включения, чистый на глаз",,,
Круг,8.0 мм,8.0 мм,665 руб,https://kolvika.ru/product/praziolit-krug-800-mm,Полудрагоценный,Празиолит,2.0 ct,Калиброваный,Смешанная,(N) Не подвергался,Бразилия,"Крайне незначительные включения, видимые невооруженным глазом",,,
Круг,4.0 мм,4.0 мм,1 770 руб,https://kolvika.ru/product/akvamarin-krug-400-h-400-mm,Полудрагоценный,Аквамарин,0.2 ct,Штучный,Португальская,(N) Не подвергался,Мадагаскар,"Крайне незначительные включения, чистый на глаз",,,
Круг,4.0 мм,4.0 мм,1 350 руб,https://kolvika.ru/product/lunnyy-kamen-kaboshon-krug-400-x-400-mm,Полудрагоценный,Лунный камень,0.3 ct,Штучный,Кабошон,(N) Не подвергался,Восточная Африка,Просвечивающий,,,
Овал,9.0 мм,7.0 мм,1 670 руб,https://kolvika.ru/product/lazurit-kaboshon-oval-900-h-700-mm,Полудрагоценный,Лазурит,,Калиброваный,Кабошон,(N) Не подвергался,Афганистан,Непрозрачен,,,
Маркиз,5.0 мм,2.0 мм,9 600 руб,https://kolvika.ru/product/tsavorit-markiza-500-x-200-x-155-mm,Полудрагоценный,Тсаворит,0.08 ct,Штучный,Пошаговая,(N) Не подвергался,Танзания,"Незначительные включения, чистый на глаз",,,
Овал,9.0 мм,11.0 мм,122 руб,https://kolvika.ru/product/fianit-oval-900-h-1100-mm-belyy-aa,,,,,,,,,,,
Овал,12.0 мм,16.0 мм,450 руб,https://kolvika.ru/product/fianit-oval-1200-h-1600-mm-belyy-aa,,,,,,,,,,,
Круг,2.9 мм,2.9 мм,1 464 руб,https://kolvika.ru/product/muassanit-krug-290-mm,,,0.09 ct,,,,Китай,,,,
Сердце,12.0 мм,12.0 мм,438 руб,https://kolvika.ru/product/fianit-serdtse-1200-h-1200-mm-belyy-aa,,,,,,,,,,,
Овал,13.0 мм,18.0 мм,625 руб,https://kolvika.ru/product/fianit-oval-1300-h-1800-mm-belyy-aa,,,,,,,,,,,
Сердце,13.0 мм,13.0 мм,500 руб,https://kolvika.ru/product/fianit-serdtse-1300-h-1300-mm-belyy-aa,,,,,,,,,,,
Круг,4.0 мм,4.0 мм,2 938 руб,https://kolvika.ru/product/muassanit-krug-400-mm,,,0.24 ct,,,,Китай,,,,
Круг,5.5 мм,5.5 мм,5 813 руб,https://kolvika.ru/product/muassanit-krug-550-mm,,,0.57 ct,,,,Китай,,,,
Маркиз,2.0 мм,4.0 мм,1 729 руб,https://kolvika.ru/product/muassanit-bts-markiz-200-h-400-mm,,,,,,,,,,,
Овал,12.0 мм,10.0 мм,4 000 руб,https://kolvika.ru/product/lazurit-kaboshon-oval-1200-h-1000-mm,Полудрагоценный,Лазурит,4.9 ct,Калиброваный,,(N) Не подвергался,Афганистан,Непрозрачен,,,
Круг,4.0 мм,4.0 мм,140 руб,https://kolvika.ru/product/tsitrin-krug-400-mm,Полудрагоценный,Цитрин,0.25 ct,Калиброваный,Различная,(H) Термическая обработка,Бразилия,"Крайне незначительные включения, чистый на глаз",,,
Круг,6.0 мм,6.0 мм,2 090 руб,https://kolvika.ru/product/danburit-o-600-mm,Полудрагоценный,Данбурит,0.7 ct,Штучный,Бриллиантовая,(N) Не подвергался,Мексика,"Незначительные включения, чистый на глаз",,,
Овал,10.0 мм,8.0 мм,1 915 руб,https://kolvika.ru/product/lazurit-kaboshon-oval-1000-x-800-mm,Полудрагоценный,Лазурит,2.8 ct,Калиброваный,Кабошон,(N) Не подвергался,Афганистан,Непрозрачен,,,
Круг,8.0 мм,8.0 мм,660 руб,https://kolvika.ru/product/ametist-svetlyy-o-800-mm,Полудрагоценный,Аметист,,,Различная,(H) Термическая обработка,Южная Америка,"Крайне незначительные включения, чистый на глаз",,,
,,,850 руб,https://kolvika.ru/product/granat-oval-kaboshon-800-h-600-mm,,,,,,,,,,,
Груша,10.0 мм,7.0 мм,3 000 руб,https://kolvika.ru/product/topaz-swiss-grusha-1000-h-700-mm,Полудрагоценный,Топаз Свисс,1.9 ct,Калиброваный,Португальская,(G) Облучение,,,,,
Круг,2.0 мм,2.0 мм,260 руб,https://kolvika.ru/product/opal-kaboshon-o-200-mm,Полудрагоценный,Опал,0.02 ct,Штучный,Кабошон,(N) Не подвергался,,,,,
Груша,4.0 мм,3.0 мм,80 руб,https://kolvika.ru/product/topaz-bestsvetnyy-grusha-400-h-300-mm,Полудрагоценный,Топаз,,Калиброваный,,,,,,,
Сердце,5.0 мм,5.0 мм,110 руб,https://kolvika.ru/product/gornyy-hrustal-serdtse-500-h-500-mm,Полудрагоценный,Горный хрусталь,0.4 ct,Калиброваный,Модифицированная,,,,,,
Круг,3.0 мм,3.0 мм,500 руб,https://kolvika.ru/product/opal-kaboshon-o-300-mm,Полудрагоценный,Опал,0.09 ct,Штучный,Кабошон,(N) Не подвергался,,,,,
Круг,3.5 мм,3.5 мм,1 160 руб,https://kolvika.ru/product/akvamarin-o-350-mm,Полудрагоценный,Аквамарин,0.15 ct,Калиброваный,Бриллиантовая,(N) Не подвергался,Мадагаскар,,,,
Круг,,,6 300 руб,https://kolvika.ru/product/laboratorno-vyraschennye-brillianty-kr-57-345-355-mm,Лабораторно-выращенный,Ограненный синтетический алмаз,,,,,,,,,
Овал,10.0 мм,14.0 мм,200 руб,https://kolvika.ru/product/agat-krasnyy-oval-1000-h-1400-mm,Поделочный,Агат,5.0 ct,Штучный,Кабошон,(N) Не подвергался,,,,,
Круг,,,9 500 руб,https://kolvika.ru/product/laboratorno-vyraschennye-brillianty-kr-57-395-405-mm,,Ограненный синтетический алмаз,,,,,,,,,
Круг,3.5 мм,3.5 мм,90 руб,https://kolvika.ru/product/ametist-svetlyy-krug-350-h-350-mm,Полудрагоценный,Аметист,0.14 ct,Калиброваный,Различная,(H) Термическая обработка,Южная Америка,"Крайне незначительные включения, чистый на глаз",,,
Круг,7.0 мм,7.0 мм,420 руб,https://kolvika.ru/product/ametist-svetlyy-krug-700-h-700-mm,Полудрагоценный,Аметист,1.2 ct,Калиброваный,Различная,(H) Термическая обработка,Южная Америка,"Крайне незначительные включения, чистый на глаз",,,
Круг,2.25 мм,2.25 мм,70 руб,https://kolvika.ru/product/ametist-svetlyy-krug-225-h-225-mm,,Аметист,0.04 ct,Калиброваный,,,Южная Америка,,,,
Круг,9.0 мм,9.0 мм,1 340 руб,https://kolvika.ru/product/ametist-svetlyy-krug-900-h-900-mm,Полудрагоценный,Аметист,2.65 ct,Калиброваный,Различная,(H) Термическая обработка,Южная Америка,,,,
Овал,6.0 мм,4.0 мм,170 руб,https://kolvika.ru/product/ametist-svetlyy-oval-600-h-400-mm,Полудрагоценный,Аметист,0.45 ct,Калиброваный,Различная,(H) Термическая обработка,Южная Америка,"Крайне незначительные включения, чистый на глаз",,,
Овал,7.0 мм,5.0 мм,250 руб,https://kolvika.ru/product/ametist-svetlyy-oval-700-h-500-mm,Полудрагоценный,Аметист,0.75 ct,Калиброваный,Различная,(H) Термическая обработка,Южная Америка,"Крайне незначительные включения, чистый на глаз",,,
Овал,10.0 мм,8.0 мм,1 340 руб,https://kolvika.ru/product/ametist-svetlyy-oval-1000-h-800-mm,Полудрагоценный,Аметист,2.4 ct,Калиброваный,Различная,(H) Термическая обработка,Южная Америка,"Крайне незначительные включения, чистый на глаз",,,
Маркиз,10.0 мм,5.0 мм,500 руб,https://kolvika.ru/product/ametist-svetlyy-markiz-1000-h-500-mm,Полудрагоценный,Аметист,0.95 ct,Калиброваный,Различная,(H) Термическая обработка,Южная Америка,"Крайне незначительные включения, чистый на глаз",,,
Квадрат,6.0 мм,6.0 мм,590 руб,https://kolvika.ru/product/ametist-svetlyy-kvadrat-600-h-600-mm,Полудрагоценный,Аметист,1.1 ct,Калиброваный,Различная,(H) Термическая обработка,Южная Америка,"Крайне незначительные включения, чистый на глаз",,,
Сердце,4.0 мм,4.0 мм,90 руб,https://kolvika.ru/product/ametist-svetlyy-serdtse-400-h-400-mm,Полудрагоценный,Аметист,0.2 ct,Калиброваный,Различная,(H) Термическая обработка,Южная Америка,"Крайне незначительные включения, чистый на глаз",,,
Октагон,5.0 мм,3.0 мм,140 руб,https://kolvika.ru/product/ametist-svetlyy-oktagon-500-h-300-mm,Полудрагоценный,Аметист,0.35 ct,Калиброваный,Различная,(H) Термическая обработка,Южная Америка,"Крайне незначительные включения, чистый на глаз",,,
Октагон,9.0 мм,7.0 мм,1 090 руб,https://kolvika.ru/product/ametist-svetlyy-oktagon-900-h-700-mm,Полудрагоценный,Аметист,2.0 ct,Калиброваный,Различная,(H) Термическая обработка,Южная Америка,"Крайне незначительные включения, чистый на глаз",,,
Овал,8.0 мм,6.0 мм,1 640 руб,https://kolvika.ru/product/ametist-nasyschennyy-oval-800-h-600-mm,Полудрагоценный,Аметист,1.12 ct,Калиброваный,Различная,(H) Термическая обработка,Южная Америка,"Крайне незначительные включения, чистый на глаз",,,
Триллион,8.0 мм,8.0 мм,670 руб,https://kolvika.ru/product/ametist-svetlyy-trillion-800-h-800-mm,Полудрагоценный,Аметист,1.45 ct,Калиброваный,Различная,(H) Термическая обработка,Южная Америка,"Крайне незначительные включения, чистый на глаз",,,
Триллион,4.0 мм,4.0 мм,90 руб,https://kolvika.ru/product/ametist-svetlyy-trillion-400-h-400-mm,Полудрагоценный,Аметист,0.2 ct,Калиброваный,Различная,(H) Термическая обработка,Южная Америка,,,,
Триллион,7.0 мм,7.0 мм,340 руб,https://kolvika.ru/product/ametist-svetlyy-trillion-700-h-700-mm,,Аметист,0.95 ct,Калиброваный,Различная,(H) Термическая обработка,Южная Америка,"Крайне незначительные включения, чистый на глаз",,,
Октагон,6.0 мм,4.0 мм,670 руб,https://kolvika.ru/product/ametist-nasyschennyy-oktagon-600-h-400-mm,Полудрагоценный,Аметист,0.1 сt,Калиброваный,Различная,(N) Не подвергался,Южная Америка,"Крайне незначительные включения, чистый на глаз",,,
Круг,7.0 мм,7.0 мм,920 руб,https://kolvika.ru/product/granat-krug-700-h-700-mm,Полудрагоценный,Гранат,1.35 ct,Калиброваный,Различная,(N) Не подвергался,Южная Америка,"Крайне незначительные включения, чистый на глаз",,,
Овал,7.0 мм,5.0 мм,300 руб,https://kolvika.ru/product/granat-oval-700-h-500-mm,Полудрагоценный,Гранат,1.0 ct,Калиброваный,Различная,(N) Не подвергался,Южная Америка,"Крайне незначительные включения, чистый на глаз",,,
Груша,8.0 мм,5.0 мм,340 руб,https://kolvika.ru/product/granat-grusha-800-h-500-mm,Полудрагоценный,Гранат,0.9 ct,Калиброваный,Различная,(N) Не подвергался,Южная Америка,"Крайне незначительные включения, чистый на глаз",,,
Груша,7.0 мм,5.0 мм,220 руб,https://kolvika.ru/product/granat-grusha-700-h-500-mm,Полудрагоценный,Гранат,0.75 ct,Калиброваный,Различная,(N) Не подвергался,Южная Америка,"Крайне незначительные включения, чистый на глаз",,,
Овал,9.0 мм,7.0 мм,1 170 руб,https://kolvika.ru/product/granat-oval-900-h-700-mm,Полудрагоценный,Гранат,2.0 ct,Калиброваный,Различная,(N) Не подвергался,Южная Америка,"Крайне незначительные включения, чистый на глаз",,,
Квадрат,5.0 мм,5.0 мм,420 руб,https://kolvika.ru/product/granat-kvadrat-500-h-500-mm,Полудрагоценный,Гранат,0.8 ct,Калиброваный,Различная,(N) Не подвергался,Южная Америка,"Крайне незначительные включения, чистый на глаз",,,
Груша,9.0 мм,6.0 мм,800 руб,https://kolvika.ru/product/granat-grusha-900-h-600-mm,Полудрагоценный,Гранат,1.3 ct,Калиброваный,Различная,(N) Не подвергался,Южная Америка,"Крайне незначительные включения, чистый на глаз",,,
Октагон,5.0 мм,3.0 мм,170 руб,https://kolvika.ru/product/granat-oktagon-500-h-300-mm,Полудрагоценный,Гранат,0.4 ct,Калиброваный,Различная,(N) Не подвергался,Южная Америка,"Крайне незначительные включения, чистый на глаз",,,
Маркиз,4.0 мм,2.0 мм,160 руб,https://kolvika.ru/product/granat-markiz-400-h-200-mm,Полудрагоценный,Гранат,0.11 ct,Калиброваный,Различная,(N) Не подвергался,Южная Америка,"Крайне незначительные включения, чистый на глаз",,,
Сердце,7.0 мм,7.0 мм,750 руб,https://kolvika.ru/product/granat-serdtse-700-h-700-mm,Полудрагоценный,Гранат,1.3 ct,Калиброваный,Различная,(N) Не подвергался,Южная Америка,"Крайне незначительные включения, чистый на глаз",,,
Октагон,8.0 мм,6.0 мм,1 000 руб,https://kolvika.ru/product/granat-oktagon-800-h-600-mm,Полудрагоценный,Гранат,1.6 ct,Калиброваный,Различная,(N) Не подвергался,Южная Америка,"Крайне незначительные включения, чистый на глаз",,,
Круг,2.5 мм,2.5 мм,90 руб,https://kolvika.ru/product/topaz-sky-krug-250-mm,Полудрагоценный,Топаз Скай,0.05 ct,Калиброваный,Португальская,(G) Облучение,Южная Америка,"Крайне незначительные включения, чистый на глаз",,,
Октагон,7.0 мм,5.0 мм,420 руб,https://kolvika.ru/product/granat-oktagon-700-h-500-mm,Полудрагоценный,Гранат,1.2 ct,Калиброваный,Различная,(N) Не подвергался,Южная Америка,"Крайне незначительные включения, чистый на глаз",,,
Триллион,8.0 мм,8.0 мм,1 250 руб,https://kolvika.ru/product/topaz-sky-trillion-800-h-800-mm,Полудрагоценный,Топаз Скай,2.2 ct,Калиброваный,Португальская,(G) Облучение,Южная Америка,"Крайне незначительные включения, чистый на глаз",,,
Сердце,4.0 мм,4.0 мм,140 руб,https://kolvika.ru/product/topaz-sky-serdtse-400-h-400-mm,Полудрагоценный,Топаз Скай,0.3 ct,Калиброваный,Португальская,(G) Облучение,Южная Америка,"Крайне незначительные включения, чистый на глаз",,,
Маркиз,12.0 мм,6.0 мм,920 руб,https://kolvika.ru/product/topaz-sky-markiz-1200-h-600-mm,Полудрагоценный,Топаз Скай,2.0 ct,Калиброваный,Португальская,(G) Облучение,Южная Америка,"Крайне незначительные включения, чистый на глаз",,,
Сердце,7.0 мм,7.0 мм,490 руб,https://kolvika.ru/product/topaz-sky-serdtse-700-h-700-mm,Полудрагоценный,Топаз Скай,,Калиброваный,Португальская,(G) Облучение,Южная Америка,"Крайне незначительные включения, чистый на глаз",,,
Круг,4.5 мм,4.5 мм,500 руб,https://kolvika.ru/product/topaz-swiss-krug-450-h-450-mm,Полудрагоценный,Топаз Свисс,,Калиброваный,Португальская,(G) Облучение,Южная Америка,"Крайне незначительные включения, чистый на глаз",,,
Круг,7.0 мм,7.0 мм,1 670 руб,https://kolvika.ru/product/topaz-swiss-krug-700-h-700-mm,Полудрагоценный,Топаз Свисс,1.6 ct,Калиброваный,Португальская,(G) Облучение,Южная Америка,"Крайне незначительные включения, чистый на глаз",,,
Круг,6.0 мм,6.0 мм,1 280 руб,https://kolvika.ru/product/topaz-swiss-krug-600-h-600-mm,Полудрагоценный,Топаз Свисс,1.0 ct,Калиброваный,Португальская,(G) Облучение,Южная Америка,"Крайне незначительные включения, чистый на глаз",,,
Овал,5.0 мм,3.0 мм,340 руб,https://kolvika.ru/product/topaz-swiss-oval-500-h-300-mm,Полудрагоценный,Топаз Свисс,0.2 ct,Калиброваный,Португальская,(G) Облучение,Южная Америка,"Крайне незначительные включения, чистый на глаз",,,
Овал,5.0 мм,7.0 мм,850 руб,https://kolvika.ru/product/topaz-swiss-oval-500-h-700-mm,Полудрагоценный,Топаз Свисс,0.9 ct,Калиброваный,Португальская,(G) Облучение,Южная Америка,"Крайне незначительные включения, чистый на глаз",,,
Овал,9.0 мм,7.0 мм,1 550 руб,https://kolvika.ru/product/topaz-swiss-oval-900-h-700-mm,Полудрагоценный,Топаз Свисс,2.2 ct,Калиброваный,Португальская,(G) Облучение,Южная Америка,"Крайне незначительные включения, чистый на глаз",,,
Сердце,5.0 мм,5.0 мм,550 руб,https://kolvika.ru/product/topaz-swiss-serdtse-500-h-500-mm,Полудрагоценный,Топаз Свисс,0.65 ct,Калиброваный,Португальская,(G) Облучение,Южная Америка,"Крайне незначительные включения, чистый на глаз",,,
Груша,7.0 мм,5.0 мм,700 руб,https://kolvika.ru/product/topaz-swiss-grusha-700-h-500-mm,Полудрагоценный,Топаз Свисс,0.8 ct,Калиброваный,Португальская,(G) Облучение,Южная Америка,"Крайне незначительные включения, чистый на глаз",,,
Квадрат,5.0 мм,5.0 мм,750 руб,https://kolvika.ru/product/topaz-swiss-kvadrat-500-h-500-mm,Полудрагоценный,Топаз Свисс,0.7 ct,Калиброваный,Португальская,(G) Облучение,Южная Америка,"Крайне незначительные включения, чистый на глаз",,,
Маркиз,8.0 мм,4.0 мм,620 руб,https://kolvika.ru/product/topaz-swiss-markiz-800-h-400-mm,Полудрагоценный,Топаз Свисс,0.6 ct,Калиброваный,Португальская,(G) Облучение,Южная Америка,"Крайне незначительные включения, чистый на глаз",,,
,,,380 руб,https://kolvika.ru/product/topaz-london-krug-400-h-400-mm,,,,,,,,,,,
Триллион,4.0 мм,4.0 мм,390 руб,https://kolvika.ru/product/topaz-swiss-trillion-400-h-400-mm,Полудрагоценный,Топаз Свисс,0.2 ct,Калиброваный,Португальская,(G) Облучение,Южная Америка,"Крайне незначительные включения, чистый на глаз",,,
Круг,3.0 мм,3.0 мм,75 руб,https://kolvika.ru/product/rauhtopaz-krug-300-h-300-mm,Полудрагоценный,Раухтопаз (Кварц дымчатый),0.1 сt,Калиброваный,,(N) Не подвергался,Южная Америка,"Незначительные включения, чистый на глаз",,,
Груша,5.0 мм,3.0 мм,90 руб,https://kolvika.ru/product/rauhtopaz-grusha-500-h-300-mm,Полудрагоценный,Раухтопаз (Кварц дымчатый),0.16 ct,Калиброваный,,(H) Термическая обработка,Южная Америка,"Незначительные включения, чистый на глаз",,,
Груша,6.0 мм,4.0 мм,125 руб,https://kolvika.ru/product/rauhtopaz-grusha-600-h-400-mm,Полудрагоценный,Раухтопаз (Кварц дымчатый),0.2 ct,Калиброваный,,(H) Термическая обработка,Южная Америка,"Незначительные включения, чистый на глаз",,,
Груша,4.0 мм,3.0 мм,80 руб,https://kolvika.ru/product/tsitrin-grusha-400-h-300-mm,Полудрагоценный,Цитрин,0.14 ct,Калиброваный,Различная,(H) Термическая обработка,Бразилия,"Крайне незначительные включения, чистый на глаз",,,
Овал,5.0 мм,3.0 мм,90 руб,https://kolvika.ru/product/tsitrin-oval-500-h-300-mm,Полудрагоценный,Цитрин,0.22 ct,Калиброваный,Различная,(H) Термическая обработка,Бразилия,"Крайне незначительные включения, чистый на глаз",,,
Овал,9.0 мм,7.0 мм,800 руб,https://kolvika.ru/product/tsitrin-oval-900-h-700-mm,Полудрагоценный,Цитрин,1.7 ct,Калиброваный,Различная,(H) Термическая обработка,Бразилия,"Крайне незначительные включения, чистый на глаз",,,
Груша,6.0 мм,4.0 мм,300 руб,https://kolvika.ru/product/tsitrin-grusha-600-h-400-mm,Полудрагоценный,Цитрин,0.35 ct,Калиброваный,Различная,(H) Термическая обработка,Бразилия,"Крайне незначительные включения, чистый на глаз",,,
Октагон,5.0 мм,3.0 мм,165 руб,https://kolvika.ru/product/tsitrin-oktagon-500-h-300-mm,Полудрагоценный,Цитрин,0.45 ct,Калиброваный,Различная,(H) Термическая обработка,Бразилия,"Крайне незначительные включения, чистый на глаз",,,
Октагон,7.0 мм,5.0 мм,415 руб,https://kolvika.ru/product/tsitrin-oktagon-700-h-500-mm,Полудрагоценный,Цитрин,0.9 ct,Калиброваный,Различная,(H) Термическая обработка,Бразилия,"Крайне незначительные включения, чистый на глаз",,,
Октагон,9.0 мм,7.0 мм,1 250 руб,https://kolvika.ru/product/tsitrin-oktagon-900-h-700-mm,Полудрагоценный,Цитрин,2.0 ct,Калиброваный,Различная,(H) Термическая обработка,Бразилия,"Крайне незначительные включения, чистый на глаз",,,
Маркиз,12.0 мм,6.0 мм,915 руб,https://kolvika.ru/product/tsitrin-markiz-1200-h-600-mm,Полудрагоценный,Цитрин,1.5 ct,Калиброваный,Различная,(H) Термическая обработка,Бразилия,"Крайне незначительные включения, чистый на глаз",,,
Сердце,5.0 мм,5.0 мм,300 руб,https://kolvika.ru/product/peridot-serdtse-500-h-500-mm,Полудрагоценный,Перидот (Хризолит),0.5 ct,Калиброваный,Различная,(N) Не подвергался,Китай,"Крайне незначительные включения, чистый на глаз",,,
Квадрат,6.0 мм,6.0 мм,2 470 руб,https://kolvika.ru/product/peridot-kvadrat-600-h-600-mm,Полудрагоценный,Перидот (Хризолит),1.1 ct,Калиброваный,Различная,(N) Не подвергался,Китай,"Крайне незначительные включения, чистый на глаз",,,
Груша,5.0 мм,3.0 мм,165 руб,https://kolvika.ru/product/peridot-grusha-500-h-300-mm,Полудрагоценный,Перидот (Хризолит),0.25 ct,Калиброваный,Различная,(N) Не подвергался,Китай,"Крайне незначительные включения, чистый на глаз",,,
Маркиз,4.0 мм,2.0 мм,125 руб,https://kolvika.ru/product/peridot-markiz-400-h-200-mm,Полудрагоценный,Перидот (Хризолит),0.12 ct,Калиброваный,Различная,(N) Не подвергался,Китай,"Крайне незначительные включения, чистый на глаз",,,
Овал,8.0 мм,6.0 мм,1 530 руб,https://kolvika.ru/product/peridot-oval-800-h-600-mm,Полудрагоценный,Перидот (Хризолит),1.35 ct,Калиброваный,Различная,(N) Не подвергался,Китай,"Крайне незначительные включения, чистый на глаз",,,
Овал,9.0 мм,7.0 мм,3 350 руб,https://kolvika.ru/product/rodolit-oval-900-h-700-mm,Полудрагоценный,Родолит,2.1 ct,Калиброваный,Португальская,(N) Не подвергался,Восточная Африка,"Незначительные включения, чистый на глаз",,,
Овал,6.0 мм,4.0 мм,240 руб,https://kolvika.ru/product/peridot-oval-600-h-400-mm,Полудрагоценный,Перидот (Хризолит),0.5 ct,Калиброваный,Различная,(N) Не подвергался,Китай,"Крайне незначительные включения, чистый на глаз",,,
Октагон,7.0 мм,5.0 мм,1 140 руб,https://kolvika.ru/product/peridot-oktagon-700-h-500-mm,Полудрагоценный,Перидот (Хризолит),1.0 ct,Калиброваный,Различная,(N) Не подвергался,Китай,"Крайне незначительные включения, чистый на глаз",,,
Овал,7.0 мм,5.0 мм,1 740 руб,https://kolvika.ru/product/rodolit-oval-700-h-500-mm,Полудрагоценный,Родолит,1.18 ct,Калиброваный,Португальская,(N) Не подвергался,Восточная Африка,"Незначительные включения, чистый на глаз",,,
Овал,5.0 мм,3.0 мм,380 руб,https://kolvika.ru/product/rodolit-oval-500-x-300-mm,Полудрагоценный,Родолит,0.28 ct,Калиброваный,Португальская,(N) Не подвергался,Восточная Африка,"Незначительные включения, чистый на глаз",,,
Круг,5.0 мм,5.0 мм,700 руб,https://kolvika.ru/product/haltsedon-kaboshon-krug-450-x-450-mm,Полудрагоценный,Халцедон,,Штучный,Кабошон,,,,,,
Овал,20.0 мм,15.0 мм,4 100 руб,https://kolvika.ru/product/haltsedon-kaboshon-oval-2000-x-1500-mm,Полудрагоценный,Халцедон,15.7 ct,Штучный,Кабошон,(N) Не подвергался,Африка,Просвечивающий,,,
Овал,6.0 мм,4.0 мм,700 руб,https://kolvika.ru/product/haltsedon-kaboshon-oval-600-x-400-x-300-mm,Полудрагоценный,Халцедон,0.4 ct,Штучный,Кабошон,(N) Не подвергался,Африка,Просвечивающий,,,
Принцесса,6.5 мм,6.5 мм,100 руб,https://kolvika.ru/product/fianit-printsessa-650-h-650-mm-belyy-aa,,,,,,,,,,,
Груша,12.0 мм,16.0 мм,625 руб,https://kolvika.ru/product/fianit-grusha-1200-h-1600-mm-belyy-aa,,,,,,,,,,,
Груша,10.0 мм,14.0 мм,350 руб,https://kolvika.ru/product/fianit-grusha-1000-h-1400-mm-belyy-aa,,,,,,,,,,,
Круг,3.0 мм,3.0 мм,1 625 руб,https://kolvika.ru/product/muassanit-krug-300-mm,,,,,,,,,,,
Круг,3.5 мм,3.5 мм,1 938 руб,https://kolvika.ru/product/muassanit-krug-350-mm,,,0.15 ct,,,,Китай,,,,
Круг,6.5 мм,6.5 мм,9 700 руб,https://kolvika.ru/product/muassanit-krug-650-mm,,,0.95 ct,,,,Китай,,,,
Круг,7.5 мм,7.5 мм,14 563 руб,https://kolvika.ru/product/muassanit-krug-750-mm,,,1.45 ct,,,,Китай,,,,
Круг,8.0 мм,8.0 мм,19 438 руб,https://kolvika.ru/product/muassanit-krug-800-mm,,,1.83 ct,,,,Китай,,,,
Овал,6.0 мм,4.0 мм,1 170 руб,https://kolvika.ru/product/topaz-swiss-oval-kabashon-60-h-40-mm,Полудрагоценный,Топаз Свисс,0.6 ct,Калиброваный,Кабошон,(G) Облучение,Южная Америка,"Крайне незначительные включения, чистый на глаз",,,
Сердце,10.0 мм,10.0 мм,5 000 руб,https://kolvika.ru/product/topaz-sky-serdtse-1000-mm,Полудрагоценный,Топаз Скай,,Калиброваный,Португальская,(G) Облучение,Южная Америка,"Крайне незначительные включения, чистый на глаз",,,
Квадрат,7.0 мм,7.0 мм,2 000 руб,https://kolvika.ru/product/granat-kvadrat-700-h-700-mm,Полудрагоценный,Гранат,1.75 ct,Калиброваный,Различная,(N) Не подвергался,Южная Америка,"Крайне незначительные включения, чистый на глаз",,,
Октагон,10.0 мм,8.0 мм,1 670 руб,https://kolvika.ru/product/ametist-svetlyy-oktagon-100-h-80-mm,Полудрагоценный,Аметист,2.65 ct,Калиброваный,Различная,(H) Термическая обработка,Южная Америка,"Крайне незначительные включения, чистый на глаз",,,
Квадрат,2.0 мм,2.0 мм,340 руб,https://kolvika.ru/product/topaz-swiss-kvadrat-20-h-20-mm,Полудрагоценный,Топаз Свисс,0.07 ct,Калиброваный,Португальская,(G) Облучение,Южная Америка,"Крайне незначительные включения, чистый на глаз",,,
Багет,4.0 мм,2.0 мм,165 руб,https://kolvika.ru/product/peridot-baget-40-h-20-mm,Полудрагоценный,Перидот (Хризолит),0.12 ct,Калиброваный,,(N) Не подвергался,Бирма,"Незначительные включения, чистый на глаз",,,
Круг,1.6 мм,1.6 мм,340 руб,https://kolvika.ru/product/o-160-mm,Полудрагоценный,Тсаворит,0.01 ct,Калиброваный,Бриллиантовая,(N) Не подвергался,Восточная Африка,"Крайне незначительные включения, видимые невооруженным глазом",,,
Круг,3.25 мм,3.25 мм,500 руб,https://kolvika.ru/product/ametist-nasyschennyy-o-325-mm,Полудрагоценный,Аметист,0.14 ct,Калиброваный,Различная,(H) Термическая обработка,Южная Америка,"Крайне незначительные включения, чистый на глаз",,,
Овал,12.0 мм,8.0 мм,1 880 руб,https://kolvika.ru/product/ametist-oval-kaboshon-1200-h-800-mm,Полудрагоценный,Аметист,,Калиброваный,Кабошон,,,,,,
Круг,2.75 мм,2.75 мм,240 руб,https://kolvika.ru/product/ametist-nasyschennyy-o-275-mm,Полудрагоценный,Аметист,,Калиброваный,Модифицированная,(H) Термическая обработка,Южная Америка,"Незначительные включения, чистый на глаз",,,
Октагон,8.0 мм,6.0 мм,2 820 руб,https://kolvika.ru/product/peridot-oktagon-800-h-600-mm,Полудрагоценный,Перидот (Хризолит),1.6 ct,Калиброваный,Различная,(N) Не подвергался,Китай,"Крайне незначительные включения, чистый на глаз",,,
Сердце,9.0 мм,9.0 мм,1 250 руб,https://kolvika.ru/product/topaz-sky-serdtse-900-h-900-mm,Полудрагоценный,Топаз Скай,3.3 ct,Калиброваный,Португальская,(G) Облучение,Южная Америка,"Крайне незначительные включения, чистый на глаз",,,
Сердце,5.0 мм,5.0 мм,720 руб,https://kolvika.ru/product/rodolit-serdtse-500-x-500-mm,Полудрагоценный,Родолит,0.56 ct,Калиброваный,Португальская,(N) Не подвергался,Восточная Африка,"Незначительные включения, чистый на глаз",,,
Маркиз,3.0 мм,6.0 мм,6 617 руб,https://kolvika.ru/product/muassanit-bts-markiz-300-h-600-mm,,,,,,,,,,,
Октагон,6.0 мм,4.0 мм,150 руб,https://kolvika.ru/product/rauhtopaz-oktagon-600-h-400-mm,Полудрагоценный,Раухтопаз (Кварц дымчатый),0.6 ct,Калиброваный,Радиант,(H) Термическая обработка,,,,,
,,,320 руб,https://kolvika.ru/product/rauhtopaz-grusha-900-h-600-mm,,,,,,,,,,,
Груша,9.0 мм,6.0 мм,250 руб,https://kolvika.ru/product/hrustal-gornyy-grusha-900-h-600,Полудрагоценный,Горный хрусталь,1.1 ct,Калиброваный,Смешанная,,,,,,
Круг,2.25 мм,2.25 мм,180 руб,https://kolvika.ru/product/topaz-swiss-o-225-mm,Полудрагоценный,Топаз Свисс,,Калиброваный,,,,,,,
Квадрат,7.0 мм,7.0 мм,480 руб,https://kolvika.ru/product/tsitrin-kvadrat-700-h-700-mm,Полудрагоценный,Цитрин,,,Различная,,,,,,
Круг,2.75 мм,2.75 мм,90 руб,https://kolvika.ru/product/topaz-bestsvetnyy-o-275-mm,Полудрагоценный,Топаз,,Калиброваный,,,,,,,
Квадрат,4.0 мм,4.0 мм,750 руб,https://kolvika.ru/product/topaz-london-kvadrat-400-h-400-mm,Полудрагоценный,Топаз Лондон,0.3 ct,Калиброваный,,(G) Облучение,,,,,
Овал,7.0 мм,5.0 мм,1 770 руб,https://kolvika.ru/product/opal-oval-kaboshon-700-h-500-mm,Полудрагоценный,Опал,,Штучный,Кабошон,(N) Не подвергался,,,,,
Круг,4.0 мм,4.0 мм,870 руб,https://kolvika.ru/product/opal-kaboshon-o-400-mm,Полудрагоценный,Опал,0.1 сt,Штучный,Кабошон,(N) Не подвергался,,,,,
Овал,6.0 мм,4.0 мм,1 150 руб,https://kolvika.ru/product/opal-oval-kaboshon-600-h-400-mm,Полудрагоценный,Опал,,Штучный,Кабошон,(N) Не подвергался,,,,,
,,,1 350 руб,https://kolvika.ru/product/lunnyy-kamen-kaboshon-o-400-mm,,,,,,,,,,,
Груша,4.0 мм,,70 руб,https://kolvika.ru/product/rauhtopaz-grusha-400-h-300-mm,Полудрагоценный,Раухтопаз (Кварц дымчатый),,Калиброваный,,(H) Термическая обработка,,,,,
Квадрат,3.0 мм,3.0 мм,60 руб,https://kolvika.ru/product/rauhtopaz-kvadrat-300-h-300-mm,Полудрагоценный,Раухтопаз (Кварц дымчатый),0.1 сt,Калиброваный,Принцесса,(H) Термическая обработка,,,,,
Круг,,,4 900 руб,https://kolvika.ru/product/laboratorno-vyraschennye-brillianty-kr-57-325-335-mm,Лабораторно-выращенный,Ограненный синтетический алмаз,,,,,,,,,
Круг,,,2 000 руб,https://kolvika.ru/product/laboratorno-vyraschennye-brillianty-kr-57-255-265-mm,Лабораторно-выращенный,Ограненный синтетический алмаз,,,,,,,,,
Круг,,,140 руб,https://kolvika.ru/product/laboratorno-vyraschennye-brillianty-kr-57-085-090-mm,,Ограненный синтетический алмаз,,,,,,,,,
Круг,5.2 мм,5.2 мм,29 680 руб,https://kolvika.ru/product/laboratorno-vyraschennyy-brilliant-kr-57-520-522-mm-dvvs2-053-ct,,Ограненный синтетический алмаз,0.5 ct,,,,,,Имеется сертификат,,
Багет,8.0 мм,4.0 мм,250 руб,https://kolvika.ru/product/ametist-svetlyy-baget-800-h-400-mm,,Аметист,,,,,,,,,
,,,100 руб,https://kolvika.ru/product/gornyy-hrustal-grusha-500-h-300-mm,,,,,,,,,,,
Круг,,,6 500 руб,https://kolvika.ru/product/laboratorno-vyraschennye-brillianty-kr-57-355-365-mm,Лабораторно-выращенный,Ограненный синтетический алмаз,,,,,,,,,
Круг,"1.9 мм,
                       
                         2.0 мм",,2 000 руб,https://kolvika.ru/product/laboratorno-vyraschennyy-brilliant-rozovyy-kr-57-190-200-mm,,Ограненный синтетический алмаз,,,,,,,,,
,,,2 000 руб,https://kolvika.ru/product/laboratorno-vyraschennye-brillianty-kr-57-260-265-mm,,,,,,,,,,,
,,,90 руб,https://kolvika.ru/product/gornyy-hrustal-grusha-400-h-300-mm,,,,,,,,,,,
Маркиз,8.0 мм,4.0 мм,300 руб,https://kolvika.ru/product/tsitrin-markiz-800-h-400-mm,Полудрагоценный,Цитрин,0.5 ct,Калиброваный,Различная,,,"Крайне незначительные включения, чистый на глаз",,,
Круг,1.75 мм,1.75 мм,70 руб,https://kolvika.ru/product/ametist-svetlyy-krug-175-h-175-mm,,Аметист,0.03 ct,Калиброваный,,,Южная Америка,,,,
Овал,9.0 мм,7.0 мм,750 руб,https://kolvika.ru/product/ametist-svetlyy-oval-900-h-700-mm,Полудрагоценный,Аметист,1.7 ct,Калиброваный,Различная,(H) Термическая обработка,Южная Америка,"Крайне незначительные включения, чистый на глаз",,,
Овал,8.0 мм,6.0 мм,420 руб,https://kolvika.ru/product/ametist-svetlyy-oval-800-h-600-mm,Полудрагоценный,Аметист,1.2 ct,Калиброваный,Различная,(H) Термическая обработка,Южная Америка,"Крайне незначительные включения, чистый на глаз",,,
Круг,4.5 мм,4.5 мм,150 руб,https://kolvika.ru/product/ametist-svetlyy-krug-450-h-450-mm,Полудрагоценный,Аметист,0.54 ct,Калиброваный,Различная,(H) Термическая обработка,Южная Америка,"Крайне незначительные включения, чистый на глаз",,,
Маркиз,6.0 мм,3.0 мм,90 руб,https://kolvika.ru/product/ametist-svetlyy-markiz-600-h-300-mm,Полудрагоценный,Аметист,0.2 ct,Калиброваный,Различная,(H) Термическая обработка,Южная Америка,"Крайне незначительные включения, чистый на глаз",,,
Квадрат,2.0 мм,2.0 мм,70 руб,https://kolvika.ru/product/ametist-svetlyy-kvadrat-200-h-200-mm,Полудрагоценный,Аметист,0.03 ct,Калиброваный,Различная,(H) Термическая обработка,Южная Америка,"Крайне незначительные включения, чистый на глаз",,,
Квадрат,3.0 мм,3.0 мм,90 руб,https://kolvika.ru/product/ametist-svetlyy-kvadrat-300-h-300-mm,Полудрагоценный,Аметист,0.2 ct,Калиброваный,Различная,(H) Термическая обработка,Южная Америка,,,,
Квадрат,7.0 мм,7.0 мм,670 руб,https://kolvika.ru/product/ametist-svetlyy-kvadrat-700-h-700-mm,Полудрагоценный,Аметист,1.7 ct,Калиброваный,Различная,(H) Термическая обработка,Южная Америка,"Крайне незначительные включения, чистый на глаз",,,
Квадрат,8.0 мм,8.0 мм,1 170 руб,https://kolvika.ru/product/ametist-svetlyy-kvadrat-800-h-800-mm,Полудрагоценный,Аметист,2.2 ct,Калиброваный,Различная,(H) Термическая обработка,Южная Америка,"Крайне незначительные включения, чистый на глаз",,,
Сердце,6.0 мм,6.0 мм,280 руб,https://kolvika.ru/product/ametist-svetlyy-serdtse-600-h-600-mm,Полудрагоценный,Аметист,0.65 ct,Калиброваный,Различная,(H) Термическая обработка,Южная Америка,"Крайне незначительные включения, чистый на глаз",,,
Сердце,8.0 мм,8.0 мм,1 170 руб,https://kolvika.ru/product/ametist-svetlyy-serdtse-800-h-800-mm,Полудрагоценный,Аметист,1.45 ct,Калиброваный,Различная,(H) Термическая обработка,Южная Америка,"Крайне незначительные включения, чистый на глаз",,,
Груша,5.0 мм,3.0 мм,170 руб,https://kolvika.ru/product/ametist-svetlyy-grusha-500-h-300-mm,Полудрагоценный,Аметист,0.2 ct,Калиброваный,Различная,(H) Термическая обработка,Южная Америка,"Крайне незначительные включения, чистый на глаз",,,
Сердце,7.0 мм,7.0 мм,500 руб,https://kolvika.ru/product/ametist-svetlyy-serdtse-700-h-700-mm,Полудрагоценный,Аметист,0.95 ct,Калиброваный,Различная,(H) Термическая обработка,Южная Америка,"Крайне незначительные включения, чистый на глаз",,,
Сердце,9.0 мм,9.0 мм,1 340 руб,https://kolvika.ru/product/ametist-svetlyy-serdtse-900-h-900-mm,Полудрагоценный,Аметист,1.9 ct,Калиброваный,Различная,(H) Термическая обработка,Южная Америка,"Крайне незначительные включения, чистый на глаз",,,
Груша,8.0 мм,5.0 мм,340 руб,https://kolvika.ru/product/ametist-svetlyy-grusha-800-h-500-mm,Полудрагоценный,Аметист,0.8 ct,Калиброваный,Различная,(H) Термическая обработка,Южная Америка,"Крайне незначительные включения, чистый на глаз",,,
Груша,9.0 мм,6.0 мм,500 руб,https://kolvika.ru/product/ametist-svetlyy-grusha-900-h-600-mm,Полудрагоценный,Аметист,1.2 ct,Калиброваный,Различная,(H) Термическая обработка,Южная Америка,"Крайне незначительные включения, чистый на глаз",,,
Овал,7.0 мм,5.0 мм,950 руб,https://kolvika.ru/product/ametist-nasyschennyy-oval-700-h-500-mm,Полудрагоценный,Аметист,0.7 ct,Калиброваный,Различная,(H) Термическая обработка,Южная Америка,"Крайне незначительные включения, чистый на глаз",,,
Триллион,5.0 мм,5.0 мм,170 руб,https://kolvika.ru/product/ametist-svetlyy-trillion-500-h-500-mm,Полудрагоценный,Аметист,0.35 ct,Калиброваный,Различная,(H) Термическая обработка,Южная Америка,"Крайне незначительные включения, чистый на глаз",,,
Груша,12.0 мм,8.0 мм,1 500 руб,https://kolvika.ru/product/ametist-svetlyy-grusha-1200-h-800-mm,Полудрагоценный,Аметист,2.65 ct,Калиброваный,Различная,(H) Термическая обработка,Южная Америка,"Крайне незначительные включения, чистый на глаз",,,
Груша,10.0 мм,7.0 мм,920 руб,https://kolvika.ru/product/ametist-svetlyy-grusha-1000-h-700-mm,Полудрагоценный,,1.5 ct,Калиброваный,Различная,(H) Термическая обработка,Южная Америка,"Крайне незначительные включения, чистый на глаз",,,
Триллион,6.0 мм,6.0 мм,220 руб,https://kolvika.ru/product/ametist-svetlyy-trillion-600-h-600-mm,Полудрагоценный,Аметист,0.65 ct,Калиброваный,Различная,(H) Термическая обработка,Южная Америка,"Крайне незначительные включения, чистый на глаз",,,
Круг,2.5 мм,2.5 мм,220 руб,https://kolvika.ru/product/ametist-nasyschennyy-krug-250-h-250-mm,Полудрагоценный,Аметист,0.06 ct,Калиброваный,Различная,(H) Термическая обработка,Южная Америка,"Крайне незначительные включения, чистый на глаз",,,
Круг,9.0 мм,9.0 мм,4 500 руб,https://kolvika.ru/product/granat-krug-900-h-900-mm,Полудрагоценный,Гранат,,Калиброваный,Различная,(N) Не подвергался,Южная Америка,,,,
Груша,8.0 мм,6.0 мм,420 руб,https://kolvika.ru/product/granat-grusha-800-h-600-mm,Полудрагоценный,Гранат,1.0 ct,Калиброваный,Различная,(N) Не подвергался,Южная Америка,"Крайне незначительные включения, чистый на глаз",,,
Сердце,9.0 мм,9.0 мм,4 170 руб,https://kolvika.ru/product/granat-serdtse-900-h-900-mm,Полудрагоценный,Гранат,,Калиброваный,Различная,(N) Не подвергался,Южная Америка,"Крайне незначительные включения, чистый на глаз",,,
Овал,11.0 мм,9.0 мм,5 840 руб,https://kolvika.ru/product/granat-oval-1100-h-900-mm,Полудрагоценный,Гранат,3.6 ct,Калиброваный,Различная,(N) Не подвергался,Южная Америка,"Крайне незначительные включения, чистый на глаз",,,
Сердце,8.0 мм,8.0 мм,2 170 руб,https://kolvika.ru/product/granat-serdtse-800-h-800-mm,Полудрагоценный,Гранат,1.8 ct,Калиброваный,Различная,(N) Не подвергался,Южная Америка,"Крайне незначительные включения, чистый на глаз",,,
Груша,9.0 мм,7.0 мм,1 400 руб,https://kolvika.ru/product/granat-grusha-900-h-700-mm,Полудрагоценный,Гранат,1.8 ct,Калиброваный,Различная,(N) Не подвергался,Южная Америка,"Крайне незначительные включения, чистый на глаз",,,
Квадрат,2.5 мм,2.5 мм,125 руб,https://kolvika.ru/product/granat-kvadrat-250-h-250-mm,Полудрагоценный,Гранат,0.12 ct,Калиброваный,Различная,(N) Не подвергался,Южная Америка,"Крайне незначительные включения, чистый на глаз",,,
Квадрат,6.0 мм,6.0 мм,840 руб,https://kolvika.ru/product/granat-kvadrat-600-h-600-mm,Полудрагоценный,Гранат,1.41 ct,Калиброваный,Различная,(N) Не подвергался,Южная Америка,"Крайне незначительные включения, чистый на глаз",,,
Маркиз,6.0 мм,3.0 мм,175 руб,https://kolvika.ru/product/granat-markiz-600-h-300-mm,Полудрагоценный,Гранат,0.3 ct,Калиброваный,Различная,(N) Не подвергался,Южная Америка,"Крайне незначительные включения, чистый на глаз",,,
Маркиз,8.0 мм,4.0 мм,300 руб,https://kolvika.ru/product/granat-markiz-800-h-400-mm,Полудрагоценный,Гранат,0.73 ct,Калиброваный,Различная,(N) Не подвергался,Южная Америка,"Крайне незначительные включения, чистый на глаз",,,
Маркиз,12.0 мм,6.0 мм,1 000 руб,https://kolvika.ru/product/granat-markiz-1200-h-600-mm,Полудрагоценный,Гранат,,Калиброваный,,(N) Не подвергался,Южная Америка,"Крайне незначительные включения, чистый на глаз",,,
Триллион,5.0 мм,5.0 мм,170 руб,https://kolvika.ru/product/granat-trillion-500-h-500-mm,,Гранат,0.54 ct,Калиброваный,Различная,(N) Не подвергался,Южная Америка,"Крайне незначительные включения, чистый на глаз",,,
Триллион,4.0 мм,4.0 мм,90 руб,https://kolvika.ru/product/granat-trillion-400-h-400-mm,Полудрагоценный,Гранат,0.28 ct,Калиброваный,Различная,(N) Не подвергался,Южная Америка,"Крайне незначительные включения, чистый на глаз",,,
Триллион,7.0 мм,7.0 мм,840 руб,https://kolvika.ru/product/granat-trillion-700-h-700-mm,Полудрагоценный,Гранат,1.3 ct,Калиброваный,Различная,(N) Не подвергался,Южная Америка,"Крайне незначительные включения, чистый на глаз",,,
Октагон,10.0 мм,8.0 мм,5 340 руб,https://kolvika.ru/product/granat-oktagon-1000-h-800-mm,Полудрагоценный,Гранат,4.0 ct,Калиброваный,Различная,(N) Не подвергался,Южная Америка,"Крайне незначительные включения, чистый на глаз",,,
Октагон,9.0 мм,7.0 мм,2 170 руб,https://kolvika.ru/product/granat-oktagon-900-h-700-mm,Полудрагоценный,Гранат,2.2 ct,Калиброваный,Различная,(N) Не подвергался,Южная Америка,"Крайне незначительные включения, чистый на глаз",,,
Багет,5.0 мм,3.0 мм,170 руб,https://kolvika.ru/product/granat-baget-500-h-300-mm,Полудрагоценный,Гранат,0.4 ct,Калиброваный,Различная,(N) Не подвергался,Южная Америка,"Крайне незначительные включения, чистый на глаз",,,
Багет,6.0 мм,3.0 мм,200 руб,https://kolvika.ru/product/granat-baget-600-h-300-mm,Полудрагоценный,Гранат,0.5 ct,Калиброваный,Различная,(N) Не подвергался,Южная Америка,"Крайне незначительные включения, чистый на глаз",,,
Багет,7.0 мм,5.0 мм,500 руб,https://kolvika.ru/product/granat-baget-700-h-500-mm,Полудрагоценный,Гранат,1.2 ct,Калиброваный,Различная,(N) Не подвергался,Южная Америка,"Крайне незначительные включения, чистый на глаз",,,
Багет,6.0 мм,4.0 мм,250 руб,https://kolvika.ru/product/granat-baget-600-h-400-mm,Полудрагоценный,Гранат,0.7 ct,Калиброваный,Различная,(N) Не подвергался,Южная Америка,"Крайне незначительные включения, чистый на глаз",,,
Круг,1.25 мм,1.25 мм,90 руб,https://kolvika.ru/product/topaz-sky-krug-125-h-125-mm,Полудрагоценный,Топаз Скай,0.01 ct,Калиброваный,Португальская,(G) Облучение,Южная Америка,"Крайне незначительные включения, чистый на глаз",,,
Круг,9.0 мм,9.0 мм,1 800 руб,https://kolvika.ru/product/topaz-sky-krug-900-h-900-mm,Полудрагоценный,Топаз Скай,,Калиброваный,Португальская,(G) Облучение,Южная Америка,"Крайне незначительные включения, чистый на глаз",,,
Круг,1.75 мм,1.75 мм,90 руб,https://kolvika.ru/product/topaz-sky-krug-175-h-175-mm,Полудрагоценный,Топаз Скай,0.03 ct,Калиброваный,Португальская,(G) Облучение,Южная Америка,"Крайне незначительные включения, чистый на глаз",,,
Круг,10.0 мм,10.0 мм,2 500 руб,https://kolvika.ru/product/topaz-sky-krug-1000-h-1000-mm,Полудрагоценный,Топаз Скай,4.45 ct,Калиброваный,Португальская,(G) Облучение,Южная Америка,"Крайне незначительные включения, чистый на глаз",,,
Овал,7.0 мм,5.0 мм,300 руб,https://kolvika.ru/product/topaz-sky-oval-700-h-500-mm,Полудрагоценный,Топаз Скай,1.0 ct,Калиброваный,Португальская,(G) Облучение,Южная Америка,"Крайне незначительные включения, чистый на глаз",,,
Груша,5.0 мм,3.0 мм,440 руб,https://kolvika.ru/product/topaz-sky-grusha-500-h-300-mm,Полудрагоценный,Топаз Скай,0.3 ct,Калиброваный,Португальская,(G) Облучение,Южная Америка,"Крайне незначительные включения, чистый на глаз",,,
Груша,4.0 мм,3.0 мм,100 руб,https://kolvika.ru/product/topaz-sky-grusha-400-h-300-mm,Полудрагоценный,Топаз Скай,0.2 ct,Калиброваный,Португальская,(G) Облучение,Южная Америка,"Крайне незначительные включения, чистый на глаз",,,
Груша,7.0 мм,5.0 мм,340 руб,https://kolvika.ru/product/topaz-sky-grusha-700-h-500-mm,Полудрагоценный,Топаз Скай,0.85 ct,Калиброваный,Португальская,(G) Облучение,Южная Америка,"Крайне незначительные включения, чистый на глаз",,,
Груша,8.0 мм,6.0 мм,540 руб,https://kolvika.ru/product/topaz-sky-grusha-800-h-600-mm,Полудрагоценный,Топаз Скай,1.35 ct,Калиброваный,Португальская,(G) Облучение,Южная Америка,"Крайне незначительные включения, чистый на глаз",,,
Груша,8.0 мм,5.0 мм,340 руб,https://kolvika.ru/product/topaz-sky-grusha-800-h-500-mm,Полудрагоценный,Топаз Скай,1.0 ct,Калиброваный,Португальская,(G) Облучение,Южная Америка,"Крайне незначительные включения, чистый на глаз",,,
Груша,12.0 мм,8.0 мм,2 000 руб,https://kolvika.ru/product/topaz-sky-grusha-1200-h-800-mm,Полудрагоценный,Топаз Скай,3.5 ct,Калиброваный,Португальская,(G) Облучение,Южная Америка,"Крайне незначительные включения, чистый на глаз",,,
Груша,10.0 мм,7.0 мм,1 300 руб,https://kolvika.ru/product/topaz-sky-grusha-1000-h-700-mm,Полудрагоценный,Топаз Скай,2.4 ct,Калиброваный,Португальская,(G) Облучение,Южная Америка,"Крайне незначительные включения, чистый на глаз",,,
Квадрат,2.0 мм,2.0 мм,90 руб,https://kolvika.ru/product/topaz-sky-kvadrat-200-h-200-mm,Полудрагоценный,Топаз Скай,,Калиброваный,,,,,,,
Квадрат,3.0 мм,3.0 мм,140 руб,https://kolvika.ru/product/topaz-sky-kvadrat-300-h-300-mm,Полудрагоценный,Топаз Скай,0.25 ct,Калиброваный,Португальская,(G) Облучение,Южная Америка,"Крайне незначительные включения, чистый на глаз",,,
Сердце,8.0 мм,8.0 мм,1 000 руб,https://kolvika.ru/product/topaz-sky-serdtse-800-h-800-mm,Полудрагоценный,Топаз Скай,2.2 ct,Калиброваный,Португальская,(G) Облучение,Южная Америка,"Крайне незначительные включения, чистый на глаз",,,
Квадрат,4.0 мм,4.0 мм,200 руб,https://kolvika.ru/product/topaz-sky-kvadrat-400-h-400-mm,Полудрагоценный,Топаз Скай,0.4 ct,Калиброваный,Португальская,(G) Облучение,Южная Америка,"Крайне незначительные включения, чистый на глаз",,,
Квадрат,5.0 мм,5.0 мм,340 руб,https://kolvika.ru/product/topaz-sky-kvadrat-500-h-500-mm,Полудрагоценный,Топаз Скай,0.8 ct,Калиброваный,Португальская,(G) Облучение,Южная Америка,"Крайне незначительные включения, чистый на глаз",,,
Квадрат,8.0 мм,8.0 мм,1 670 руб,https://kolvika.ru/product/topaz-sky-kvadrat-800-h-800-mm,Полудрагоценный,Топаз Скай,3.1 ct,Калиброваный,Португальская,(G) Облучение,Южная Америка,"Крайне незначительные включения, чистый на глаз",,,
Квадрат,6.0 мм,6.0 мм,640 руб,https://kolvika.ru/product/topaz-sky-kvadrat-600-h-600-mm,Полудрагоценный,Топаз Скай,1.3 ct,Калиброваный,Португальская,(G) Облучение,Южная Америка,"Крайне незначительные включения, чистый на глаз",,,
Квадрат,10.0 мм,10.0 мм,4 170 руб,https://kolvika.ru/product/topaz-sky-kvadrat-1000-h-1000-mm,Полудрагоценный,Топаз Скай,6.0 ct,Калиброваный,Португальская,(G) Облучение,Южная Америка,"Крайне незначительные включения, чистый на глаз",,,
Маркиз,8.0 мм,4.0 мм,300 руб,https://kolvika.ru/product/topaz-sky-markiz-800-h-400-mm,Полудрагоценный,Топаз Скай,0.8 ct,Калиброваный,Португальская,(G) Облучение,Южная Америка,"Крайне незначительные включения, чистый на глаз",,,
Триллион,4.0 мм,4.0 мм,140 руб,https://kolvika.ru/product/topaz-sky-trillion-400-h-400-mm,Полудрагоценный,Топаз Скай,0.3 ct,Калиброваный,Португальская,(G) Облучение,Южная Америка,"Крайне незначительные включения, чистый на глаз",,,
Триллион,5.0 мм,5.0 мм,200 руб,https://kolvika.ru/product/topaz-sky-trillion-500-h-500-mm,Полудрагоценный,Топаз Скай,0.55 ct,Калиброваный,Португальская,(G) Облучение,Южная Америка,"Крайне незначительные включения, чистый на глаз",,,
Маркиз,10.0 мм,5.0 мм,590 руб,https://kolvika.ru/product/topaz-sky-markiz-1000-h-500-mm,Полудрагоценный,Топаз Скай,1.2 ct,Калиброваный,Португальская,(G) Облучение,Южная Америка,"Крайне незначительные включения, чистый на глаз",,,
Триллион,6.0 мм,6.0 мм,260 руб,https://kolvika.ru/product/topaz-sky-trillion-600-h-600-mm,Полудрагоценный,Топаз Скай,,Калиброваный,Португальская,(G) Облучение,Южная Америка,"Крайне незначительные включения, чистый на глаз",,,
Круг,1.0 мм,1.0 мм,165 руб,https://kolvika.ru/product/topaz-swiss-krug-100-h-100-mm,Полудрагоценный,Топаз Свисс,0.05 ct,Калиброваный,Португальская,(G) Облучение,Южная Америка,"Крайне незначительные включения, чистый на глаз",,,
Октагон,10.0 мм,8.0 мм,2 250 руб,https://kolvika.ru/product/topaz-sky-oktagon-1000-h-800-mm,Полудрагоценный,Топаз Скай,,Калиброваный,Португальская,(G) Облучение,Южная Америка,"Крайне незначительные включения, чистый на глаз",,,
Круг,7.5 мм,7.5 мм,2 500 руб,https://kolvika.ru/product/topaz-swiss-krug-750-h-750-mm,Полудрагоценный,Топаз Свисс,1.6 ct,Калиброваный,Различная,(N) Не подвергался,Южная Америка,"Крайне незначительные включения, чистый на глаз",,,
Круг,8.5 мм,8.5 мм,3 340 руб,https://kolvika.ru/product/topaz-swiss-krug-850-h-850-mm,Полудрагоценный,Топаз Свисс,2.4 ct,Калиброваный,Португальская,(G) Облучение,Южная Америка,"Крайне незначительные включения, чистый на глаз",,,
Круг,1.75 мм,1.75 мм,165 руб,https://kolvika.ru/product/topaz-swiss-krug-170-h-170-mm,Полудрагоценный,Топаз Свисс,0.03 ct,Калиброваный,Португальская,(G) Облучение,Южная Америка,"Крайне незначительные включения, чистый на глаз",,,
Круг,3.5 мм,3.5 мм,270 руб,https://kolvika.ru/product/topaz-swiss-krug-350-h-350-mm,Полудрагоценный,Топаз Свисс,0.22 ct,Калиброваный,Португальская,(G) Облучение,Южная Америка,"Крайне незначительные включения, чистый на глаз",,,
Овал,5.0 мм,4.0 мм,520 руб,https://kolvika.ru/product/topaz-swiss-oval-500-h-400-mm,Полудрагоценный,Топаз Свисс,0.45 ct,Калиброваный,Португальская,(G) Облучение,Южная Америка,"Крайне незначительные включения, чистый на глаз",,,
,,,4 800 руб,https://kolvika.ru/product/topaz-swiss-krug-900-h-900-mm,,,,,,,,,,,
Овал,4.0 мм,3.0 мм,250 руб,https://kolvika.ru/product/topaz-swiss-oval-400-h-300-mm,Полудрагоценный,Топаз Свисс,0.21 ct,Калиброваный,Португальская,(G) Облучение,Южная Америка,"Крайне незначительные включения, чистый на глаз",,,
Овал,8.0 мм,6.0 мм,1 140 руб,https://kolvika.ru/product/topaz-swiss-oval-800-h-600-mm,Полудрагоценный,Топаз Свисс,1.5 ct,Калиброваный,Португальская,(G) Облучение,Южная Америка,"Крайне незначительные включения, чистый на глаз",,,
Сердце,6.0 мм,6.0 мм,938 руб,https://kolvika.ru/product/topaz-swiss-serdtse-600-h-600-mm,Полудрагоценный,Топаз Свисс,0.7 ct,Калиброваный,Португальская,(G) Облучение,Южная Америка,"Крайне незначительные включения, чистый на глаз",,,
Овал,6.0 мм,4.0 мм,590 руб,https://kolvika.ru/product/topaz-swiss-oval-600-h-400-mm,Полудрагоценный,Топаз Свисс,0.55 ct,Калиброваный,Португальская,(G) Облучение,Южная Америка,"Крайне незначительные включения, чистый на глаз",,,
Груша,5.0 мм,3.0 мм,315 руб,https://kolvika.ru/product/topaz-swiss-grusha-500-h-300-mm,Полудрагоценный,Топаз Свисс,0.2 ct,Калиброваный,Португальская,(G) Облучение,Южная Америка,"Крайне незначительные включения, чистый на глаз",,,
Груша,6.0 мм,4.0 мм,490 руб,https://kolvika.ru/product/topaz-swiss-grusha-600-h-400-mm,Полудрагоценный,Топаз Свисс,0.5 ct,Калиброваный,Португальская,(G) Облучение,Южная Америка,"Крайне незначительные включения, чистый на глаз",,,
Сердце,8.0 мм,8.0 мм,7 500 руб,https://kolvika.ru/product/topaz-swiss-serdtse-800-h-800-mm,Полудрагоценный,Топаз Свисс,1.6 ct,Калиброваный,Португальская,(G) Облучение,Южная Америка,"Крайне незначительные включения, чистый на глаз",,,
Квадрат,4.0 мм,4.0 мм,500 руб,https://kolvika.ru/product/topaz-swiss-kvadrat-400-h-400-mm,Полудрагоценный,Топаз Свисс,0.38 ct,Калиброваный,Португальская,(G) Облучение,Южная Америка,"Крайне незначительные включения, чистый на глаз",,,
Маркиз,6.0 мм,3.0 мм,370 руб,https://kolvika.ru/product/topaz-swiss-markiz-600-h-300-mm,Полудрагоценный,Топаз Свисс,0.29 ct,Калиброваный,Португальская,(G) Облучение,Южная Америка,"Крайне незначительные включения, чистый на глаз",,,
Триллион,6.0 мм,6.0 мм,670 руб,https://kolvika.ru/product/topaz-swiss-trillion-600-h-600-mm,Полудрагоценный,,0.8 ct,Калиброваный,Португальская,(G) Облучение,Южная Америка,"Крайне незначительные включения, чистый на глаз",,,
Маркиз,4.0 мм,2.0 мм,320 руб,https://kolvika.ru/product/topaz-swiss-markiz-400-h-200-mm,Полудрагоценный,Топаз Свисс,0.08 ct,Калиброваный,Португальская,(G) Облучение,Южная Америка,"Крайне незначительные включения, чистый на глаз",,,
,,,1 816 руб,https://kolvika.ru/product/topaz-swiss-oktagon-800-h-600-mm,,,,,,,,,,,
Круг,6.0 мм,6.0 мм,165 руб,https://kolvika.ru/product/rauhtopaz-krug-600-h-600-mm,Полудрагоценный,Раухтопаз (Кварц дымчатый),0.9 ct,Калиброваный,,(H) Термическая обработка,Южная Америка,"Незначительные включения, чистый на глаз",,,
Триллион,7.0 мм,7.0 мм,1 428 руб,https://kolvika.ru/product/topaz-swiss-trillion-700-h-700-mm,Полудрагоценный,Топаз Свисс,1.5 ct,Калиброваный,Португальская,(G) Облучение,Южная Америка,"Крайне незначительные включения, чистый на глаз",,,
Принцесса,5.0 мм,5.0 мм,190 руб,https://kolvika.ru/product/rauhtopaz-kvadrat-500-h-500-mm,Полудрагоценный,Раухтопаз (Кварц дымчатый),0.5 ct,Калиброваный,,(H) Термическая обработка,Южная Америка,"Незначительные включения, чистый на глаз",,,
Круг,1.75 мм,1.75 мм,90 руб,https://kolvika.ru/product/tsitrin-krug-175-h-175-mm,Полудрагоценный,Цитрин,0.02 ct,Калиброваный,Различная,(H) Термическая обработка,Бразилия,"Крайне незначительные включения, чистый на глаз",,,
Круг,6.0 мм,6.0 мм,300 руб,https://kolvika.ru/product/tsitrin-krug-600-h-600-mm,Полудрагоценный,Цитрин,0.8 ct,Калиброваный,Различная,(H) Термическая обработка,Бразилия,"Крайне незначительные включения, чистый на глаз",,,
Круг,10.0 мм,10.0 мм,2 600 руб,https://kolvika.ru/product/tsitrin-krug-1000-h-1000-mm,Полудрагоценный,Цитрин,3.3 ct,Калиброваный,Различная,(H) Термическая обработка,Бразилия,"Крайне незначительные включения, чистый на глаз",,,
Квадрат,4.0 мм,4.0 мм,200 руб,https://kolvika.ru/product/tsitrin-kvadrat-400-h-400-mm,Полудрагоценный,Цитрин,0.4 ct,Калиброваный,Различная,(H) Термическая обработка,Бразилия,"Крайне незначительные включения, чистый на глаз",,,
Квадрат,3.0 мм,3.0 мм,100 руб,https://kolvika.ru/product/tsitrin-kvadrat-300-h-300-mm,Полудрагоценный,Цитрин,0.2 ct,Калиброваный,Различная,(H) Термическая обработка,Бразилия,"Крайне незначительные включения, чистый на глаз",,,
Круг,9.0 мм,9.0 мм,1 500 руб,https://kolvika.ru/product/tsitrin-krug-900-h-900-mm,Полудрагоценный,Цитрин,2.6 ct,Калиброваный,Различная,(H) Термическая обработка,Бразилия,"Крайне незначительные включения, чистый на глаз",,,
Квадрат,2.0 мм,2.0 мм,100 руб,https://kolvika.ru/product/tsitrin-kvadrat-200-h-200-mm,Полудрагоценный,Цитрин,0.05 ct,Калиброваный,Различная,(H) Термическая обработка,Бразилия,"Крайне незначительные включения, чистый на глаз",,,
,7.0 мм,5.0 мм,300 руб,https://kolvika.ru/product/tsitrin-oval-700-h-500-mm,Полудрагоценный,Цитрин,0.75 ct,Калиброваный,Различная,(H) Термическая обработка,Бразилия,"Крайне незначительные включения, чистый на глаз",,,
Груша,8.0 мм,6.0 мм,590 руб,https://kolvika.ru/product/tsitrin-grusha-800-h-600-mm,Полудрагоценный,Цитрин,0.95 ct,Калиброваный,Различная,(H) Термическая обработка,Бразилия,"Крайне незначительные включения, чистый на глаз",,,
Октагон,6.0 мм,4.0 мм,250 руб,https://kolvika.ru/product/tsitrin-oktagon-600-h-400-mm,Полудрагоценный,Цитрин,0.55 ct,Калиброваный,Различная,(H) Термическая обработка,Бразилия,"Крайне незначительные включения, чистый на глаз",,,
Овал,8.0 мм,6.0 мм,800 руб,https://kolvika.ru/product/tsitrin-oval-800-h-600-mm,Полудрагоценный,Цитрин,,Калиброваный,Различная,(H) Термическая обработка,Бразилия,"Крайне незначительные включения, чистый на глаз",,,
Груша,5.0 мм,3.0 мм,100 руб,https://kolvika.ru/product/tsitrin-grusha-500-h-300-mm,Полудрагоценный,Цитрин,0.2 ct,Калиброваный,Различная,(H) Термическая обработка,Бразилия,"Крайне незначительные включения, чистый на глаз",,,
Октагон,8.0 мм,6.0 мм,640 руб,https://kolvika.ru/product/tsitrin-oktagon-800-h-600-mm,Полудрагоценный,Цитрин,1.3 ct,Калиброваный,Различная,(H) Термическая обработка,Бразилия,"Крайне незначительные включения, чистый на глаз",,,
Груша,7.0 мм,5.0 мм,365 руб,https://kolvika.ru/product/tsitrin-grusha-700-h-500-mm,Полудрагоценный,Цитрин,0.65 ct,Калиброваный,Различная,(H) Термическая обработка,Бразилия,"Крайне незначительные включения, чистый на глаз",,,
Маркиз,5.0 мм,2.5 мм,100 руб,https://kolvika.ru/product/tsitrin-markiz-500-h-250-mm,Полудрагоценный,Цитрин,0.13 ct,Калиброваный,Различная,(H) Термическая обработка,Бразилия,"Крайне незначительные включения, чистый на глаз",,,
Триллион,6.0 мм,6.0 мм,300 руб,https://kolvika.ru/product/tsitrin-trillion-600-h-600-mm,Полудрагоценный,Цитрин,0.6 ct,Калиброваный,Различная,(H) Термическая обработка,Бразилия,"Крайне незначительные включения, чистый на глаз",,,
Триллион,7.0 мм,7.0 мм,500 руб,https://kolvika.ru/product/tsitrin-trillion-700-h-700-mm,Полудрагоценный,Цитрин,0.95 ct,Калиброваный,Различная,(H) Термическая обработка,Бразилия,"Крайне незначительные включения, чистый на глаз",,,
Сердце,5.0 мм,5.0 мм,250 руб,https://kolvika.ru/product/tsitrin-serdtse-500-h-500-mm,Полудрагоценный,Цитрин,0.35 ct,Калиброваный,Различная,(H) Термическая обработка,Бразилия,"Крайне незначительные включения, чистый на глаз",,,
Триллион,8.0 мм,8.0 мм,750 руб,https://kolvika.ru/product/tsitrin-trillion-800-h-800-mm,Полудрагоценный,Цитрин,1.45 ct,Калиброваный,Различная,(H) Термическая обработка,Бразилия,"Крайне незначительные включения, чистый на глаз",,,
Круг,7.0 мм,7.0 мм,3 300 руб,https://kolvika.ru/product/peridot-krug-700-h-700-mm,Полудрагоценный,Перидот (Хризолит),1.2 ct,Калиброваный,Различная,(N) Не подвергался,Китай,"Крайне незначительные включения, чистый на глаз",,,
Круг,8.0 мм,8.0 мм,9 750 руб,https://kolvika.ru/product/peridot-krug-800-h-800-mm,Полудрагоценный,Перидот (Хризолит),1.9 ct,Калиброваный,Различная,(N) Не подвергался,Китай,"Крайне незначительные включения, чистый на глаз",,,
Круг,1.75 мм,1.75 мм,60 руб,https://kolvika.ru/product/peridot-krug-175-h-175-mm,Полудрагоценный,Перидот (Хризолит),0.03 ct,Калиброваный,Различная,(N) Не подвергался,Китай,"Крайне незначительные включения, чистый на глаз",,,
Сердце,6.0 мм,6.0 мм,950 руб,https://kolvika.ru/product/peridot-serdtse-600-h-600-mm,Полудрагоценный,Перидот (Хризолит),0.8 ct,Калиброваный,Различная,(N) Не подвергался,Китай,"Крайне незначительные включения, чистый на глаз",,,
Сердце,4.0 мм,4.0 мм,200 руб,https://kolvika.ru/product/peridot-serdtse-400-h-400-mm,Полудрагоценный,Перидот (Хризолит),0.2 ct,Калиброваный,Различная,(N) Не подвергался,Китай,"Крайне незначительные включения, чистый на глаз",,,
Квадрат,2.0 мм,2.0 мм,90 руб,https://kolvika.ru/product/peridot-kvadrat-200-h-200-mm,Полудрагоценный,Перидот (Хризолит),0.04 ct,Калиброваный,Различная,(N) Не подвергался,Китай,"Крайне незначительные включения, чистый на глаз",,,
Квадрат,3.0 мм,3.0 мм,115 руб,https://kolvika.ru/product/peridot-kvadrat-300-h-300-mm,Полудрагоценный,Перидот (Хризолит),0.2 ct,Калиброваный,Различная,(N) Не подвергался,Китай,"Крайне незначительные включения, чистый на глаз",,,
Квадрат,5.0 мм,5.0 мм,800 руб,https://kolvika.ru/product/peridot-kvadrat-500-h-500-mm,Полудрагоценный,Перидот (Хризолит),0.7 ct,Калиброваный,Различная,(N) Не подвергался,Китай,"Крайне незначительные включения, чистый на глаз",,,
Маркиз,8.0 мм,4.0 мм,340 руб,https://kolvika.ru/product/peridot-markiz-800-h-400-mm,Полудрагоценный,Перидот (Хризолит),0.5 ct,Калиброваный,Различная,(N) Не подвергался,Китай,"Крайне незначительные включения, чистый на глаз",,,
Груша,7.0 мм,5.0 мм,415 руб,https://kolvika.ru/product/peridot-grusha-700-h-500-mm,Полудрагоценный,Перидот (Хризолит),0.7 ct,Калиброваный,Различная,(N) Не подвергался,Китай,"Крайне незначительные включения, чистый на глаз",,,
Маркиз,10.0 мм,5.0 мм,1 300 руб,https://kolvika.ru/product/peridot-markiz-1000-h-500-mm,Полудрагоценный,Перидот (Хризолит),1.0 ct,Калиброваный,Различная,(N) Не подвергался,Китай,"Крайне незначительные включения, чистый на глаз",,,
Овал,5.0 мм,3.0 мм,125 руб,https://kolvika.ru/product/peridot-oval-500-h-300-mm,Полудрагоценный,Перидот (Хризолит),0.25 ct,Калиброваный,Различная,(N) Не подвергался,Китай,"Крайне незначительные включения, чистый на глаз",,,
Овал,7.0 мм,5.0 мм,515 руб,https://kolvika.ru/product/peridot-oval-700-h-500-mm,Полудрагоценный,Перидот (Хризолит),0.7 ct,Калиброваный,Различная,(N) Не подвергался,Китай,"Крайне незначительные включения, чистый на глаз",,,
Триллион,4.0 мм,4.0 мм,140 руб,https://kolvika.ru/product/peridot-trillion-400-h-400-mm,Полудрагоценный,Перидот (Хризолит),0.2 ct,Калиброваный,Различная,(N) Не подвергался,Китай,"Крайне незначительные включения, чистый на глаз",,,
Овал,5.0 мм,4.0 мм,135 руб,https://kolvika.ru/product/peridot-oval-500-h-400-mm,Полудрагоценный,Перидот (Хризолит),0.35 ct,Калиброваный,Различная,(N) Не подвергался,Китай,"Крайне незначительные включения, чистый на глаз",,,
Триллион,5.0 мм,5.0 мм,300 руб,https://kolvika.ru/product/peridot-trillion-500-h-500-mm,Полудрагоценный,Перидот (Хризолит),0.5 ct,Калиброваный,Различная,(N) Не подвергался,Китай,"Крайне незначительные включения, чистый на глаз",,,
Круг,9.0 мм,9.0 мм,920 руб,https://kolvika.ru/product/praziolit-krug-900-mm,Полудрагоценный,Празиолит,2.4 ct,Калиброваный,Смешанная,(N) Не подвергался,Бразилия,"Крайне незначительные включения, видимые невооруженным глазом",,,
,,,3 350 руб,https://kolvika.ru/product/ametist-komplekt,,Аметист,3.23 ct,Комплект,,(N) Не подвергался,,"Включения, видимые невооруженным глазом",,,
Октагон,5.9 мм,3.9 мм,13 750 руб,https://kolvika.ru/product/andaluzit-oktagon-590-h-390-mm,Полудрагоценный,Андалузит,0.56 ct,Штучный,Пошаговая,(N) Не подвергался,Мадагаскар,"Крайне незначительные включения, чистый на глаз",,2.6 мм,
Груша,6.1 мм,4.9 мм,7 700 руб,https://kolvika.ru/product/berill-grusha-610-x-490-x-340-mm,Полудрагоценный,Берилл,0.5 ct,Штучный,Пошаговая,(N) Не подвергался,Мадагаскар,"Крайне незначительные включения, чистый на глаз",,3.4 мм,
Овал,5.6 мм,4.3 мм,11 100 руб,https://kolvika.ru/product/andaluzit-oval-560-h-430-mm,Полудрагоценный,Андалузит,0.45 ct,Штучный,Пошаговая,(N) Не подвергался,Мадагаскар,"Крайне незначительные включения, чистый на глаз",,2.7 мм,
Круг,5.1 мм,5.1 мм,9 250 руб,https://kolvika.ru/product/andaluzit-krug-510-h-510-mm,Полудрагоценный,Андалузит,0.51 ct,Штучный,Пошаговая,(N) Не подвергался,Мадагаскар,"Крайне незначительные включения, чистый на глаз",,3.3 мм,
Овал,11.9 мм,8.5 мм,30 700 руб,https://kolvika.ru/product/berill-oval-1190-x-850-x-580-mm,Полудрагоценный,Берилл,3.4 ct,Штучный,Пошаговая,(N) Не подвергался,Бразилия,"Значительные включения, видимые невооруженным глазом",,,
Круг,6.8 мм,3.4 мм,10 750 руб,https://kolvika.ru/product/berillonit-koshachiy-glaz-kaboshon-krug-680-x-680-x-340-mm,Полудрагоценный,Бериллонит,1.1 ct,Штучный,Кабошон,(N) Не подвергался,Бразилия,Просвечивающий,,,
Октагон,8.4 мм,4.9 мм,56 500 руб,https://kolvika.ru/product/berill-oktagon-840-x-490-x-410-mm,Полудрагоценный,Берилл,1.37 ct,Штучный,Пошаговая,(N) Не подвергался,Бразилия,"Очень значительные включения, видимые невооруженным глазом",,4.1 мм,
Овал,6.25 мм,4.0 мм,7 700 руб,https://kolvika.ru/product/granat-almandin-oval-625-x-400-x-275-mm,Полудрагоценный,Гранат,0.65 ct,Штучный,Смешанная,(N) Не подвергался,Мозамбик,"Включения, видимые невооруженным глазом",,2.75 мм,
Багет,16.9 мм,16.1 мм,31 850 руб,https://kolvika.ru/product/violan-baget-tabletka-1690-x-1610-x-290-mm,Полудрагоценный,Виолан,11.35 ct,Штучный,Таблетка,(N) Не подвергался,Италия,Непрозрачен,,,
Овал,13.8 мм,10.3 мм,14 950 руб,https://kolvika.ru/product/gemimorfit-kaboshon-oval-1380-x-1030-x-400-mm,Полудрагоценный,Гемиморфит,6.08 ct,Штучный,Кабошон,Промасливание / Диффузия полимеров,Конго,Просвечивающий,,4.0 мм,
Овал,9.25 мм,7.3 мм,6 250 руб,https://kolvika.ru/product/granat-almandin-oval-925-x-730-x-515-mm,Полудрагоценный,Гранат,2.95 ct,Штучный,Смешанная,(N) Не подвергался,"Паилин, Камбоджа","Включения, видимые невооруженным глазом",,5.15 мм,
Овал,6.9 мм,5.0 мм,14 350 руб,https://kolvika.ru/product/granat-mali-oval-690-x-500-x-390-mm,Полудрагоценный,Гранат Мали,0.97 ct,Штучный,Португальская,(N) Не подвергался,Мали,"Крайне незначительные включения, чистый на глаз",,3.9 мм,
Круг,5.6 мм,5.6 мм,13 450 руб,https://kolvika.ru/product/granat-mali-krug-560-x-560-x-390-mm,Полудрагоценный,Гранат Мали,0.87 ct,Штучный,Португальская,(N) Не подвергался,Мали,"Крайне незначительные включения, чистый на глаз",,3.9 мм,
Октагон,4.3 мм,3.3 мм,18 450 руб,https://kolvika.ru/product/granat-iriziruyuschiy-oktagon-430-x-330-x-220-mm,Полудрагоценный,Гранат иризирующий,0.42 ct,Штучный,Шахматная,(N) Не подвергался,Япония,Просвечивающий,,2.2 мм,
Круг,7.1 мм,10.0 мм,16 700 руб,https://kolvika.ru/product/danburit-krug-710-x-1000-x-550-mm,Полудрагоценный,Данбурит,1.65 ct,Штучный,Бриллиантовая,(N) Не подвергался,"Дальнегорск, Россия","Крайне незначительные включения, чистый на глаз",,5.5 мм,
Овал,6.8 мм,5.4 мм,5 350 руб,https://kolvika.ru/product/danburit-oval-680-x-540-x-340-mm,Полудрагоценный,Данбурит,0.78 ct,Штучный,Различная,(N) Не подвергался,"Танзания, Додома","Крайне незначительные включения, чистый на глаз",,3.4 мм,
Овал,5.0 мм,3.0 мм,750 руб,https://kolvika.ru/product/danburit-oval-500-x-300-mm,Полудрагоценный,Данбурит,2.23 ct,Штучный,Португальская,(N) Не подвергался,Мексика,"Незначительные включения, чистый на глаз",,,
Круг,3.1 мм,3.1 мм,7 700 руб,https://kolvika.ru/product/demantoid-granat-krug-310-x-310-x-215-mm,Полудрагоценный,Демантоид,0.14 ct,Штучный,Различная,(N) Не подвергался,"река Бобровка, Урал, Россия","Крайне незначительные включения, видимые невооруженным глазом",,2.15 мм,
Круг,3.1 мм,3.1 мм,8 350 руб,https://kolvika.ru/product/demantoid-granat-krug-310-x-310-x-220-mm,Полудрагоценный,Демантоид,0.15 ct,Штучный,Различная,(N) Не подвергался,"река Бобровка, Урал, Россия","Значительные включения, видимые невооруженным глазом",,2.2 мм,
Круг,2.7 мм,2.7 мм,3 950 руб,https://kolvika.ru/product/demantoid-granat-krug-360-x-360-x-240-mm-2,Полудрагоценный,Демантоид,0.21 ct,Штучный,Смешанная,(N) Не подвергался,Россия,"Крайне незначительные включения, видимые невооруженным глазом",,1.8 мм,
Круг,5.6 мм,5.6 мм,275 000 руб,https://kolvika.ru/product/demantoid-granat-krug-560-x-560-x-370-mm,Полудрагоценный,Демантоид,0.83 ct,Штучный,Бриллиантовая,(N) Не подвергался,"река Бобровка, Урал, Россия","Включения, видимые невооруженным глазом",,3.7 мм,
Круг,3.0 мм,3.0 мм,7 700 руб,https://kolvika.ru/product/demantoid-granat-krug-310-x-310-x-200-mm,Полудрагоценный,Демантоид,0.14 ct,Штучный,Смешанная,(N) Не подвергался,"река Бобровка, Урал, Россия","Крайне незначительные включения, видимые невооруженным глазом",,2.0 мм,
Круг,3.0 мм,3.0 мм,4 700 руб,https://kolvika.ru/product/demantoid-granat-krug-300-x-300-x-190-mm-2,Полудрагоценный,Демантоид,0.12 ct,Штучный,Смешанная,(N) Не подвергался,"река Бобровка, Урал, Россия","Крайне незначительные включения, чистый на глаз",,1.9 мм,
Круг,2.55 мм,2.55 мм,5 850 руб,https://kolvika.ru/product/demantoid-granat-para-krug-255-h-255-mm,Полудрагоценный,Демантоид,0.13 Ct,Парные камни,Смешанная,(N) Не подвергался,"река Бобровка, Урал, Россия","Значительные включения, видимые невооруженным глазом",,,
Круг,2.8 мм,2.8 мм,4 700 руб,https://kolvika.ru/product/demantoid-granat-krug-285-x-285-x-200-mm,Полудрагоценный,Демантоид,0.11 ct,Штучный,Смешанная,(N) Не подвергался,"река Бобровка, Урал, Россия","Крайне незначительные включения, видимые невооруженным глазом",,1.9 мм,
Круг,2.95 мм,2.95 мм,4 950 руб,https://kolvika.ru/product/demantoid-granat-krug-295-x-295-x-190-mm-2,Полудрагоценный,Демантоид,0.12 ct,Штучный,Смешанная,(N) Не подвергался,"река Бобровка, Урал, Россия","Крайне незначительные включения, видимые невооруженным глазом",,1.9 мм,
Круг,2.6 мм,2.6 мм,6 200 руб,https://kolvika.ru/product/demantoid-granat-para-krug-260-x-260-x-170-mm,Полудрагоценный,Демантоид,0.17 Ct,Парные камни,Смешанная,(N) Не подвергался,"река Бобровка, Урал, Россия","Значительные включения, видимые невооруженным глазом",,,
Круг,2.4 мм,2.4 мм,9 100 руб,https://kolvika.ru/product/demontoid-granat-komplekt-krug-240-x-240-mm,Полудрагоценный,Демантоид,0.22 ct,Комплект,Смешанная,(N) Не подвергался,"река Бобровка, Урал, Россия","Включения, видимые невооруженным глазом",,,
Триллион,6.6 мм,6.6 мм,16 950 руб,https://kolvika.ru/product/diopsid-trillion-660-x-660-x-430-mm,Полудрагоценный,Диопсид,1.14 ct,Штучный,Смешанная,(N) Не подвергался,Пакистан,"Крайне незначительные включения, видимые невооруженным глазом",,4.3 мм,
Круг,2.5 мм,2.5 мм,8 200 руб,https://kolvika.ru/product/demantoid-komplekt-krug-250-x-250-mm,Полудрагоценный,Демантоид,0.2 ct,Комплект,Различная,(N) Не подвергался,"река Бобровка, Урал, Россия","Крайне незначительные включения, видимые невооруженным глазом",,,
Овал,8.65 мм,6.45 мм,4 350 руб,https://kolvika.ru/product/diopsid-oval-865-x-645-x-460-mm,Полудрагоценный,Диопсид,1.73 ct,Штучный,Смешанная,(N) Не подвергался,Шри Ланка (Цейлон),"Крайне незначительные включения, видимые невооруженным глазом",,4.6 мм,
Овал,7.4 мм,5.7 мм,3 000 руб,https://kolvika.ru/product/diopsid-oval-740-x-570-x-430-mm,Полудрагоценный,Диопсид,1.2 ct,Штучный,Смешанная,(N) Не подвергался,Шри Ланка (Цейлон),"Крайне незначительные включения, видимые невооруженным глазом",,4.3 мм,
Овал,8.0 мм,5.6 мм,2 950 руб,https://kolvika.ru/product/diopsid-oval-800-x-560-x-370-mm,Полудрагоценный,Диопсид,1.16 ct,Штучный,Смешанная,(N) Не подвергался,Шри Ланка (Цейлон),"Крайне незначительные включения, видимые невооруженным глазом",,3.7 мм,
Овал,8.2 мм,6.3 мм,5 450 руб,https://kolvika.ru/product/idokraz-oval-820-x-630-x-410-mm,Полудрагоценный,Идокраз,1.46 ct,Штучный,Португальская,(N) Не подвергался,Танзания,"Крайне незначительные включения, видимые невооруженным глазом",,,
Овал,13.35 мм,10.15 мм,119 700 руб,https://kolvika.ru/product/iolit-oval-1335-x-1015-x-670-mm,Полудрагоценный,Иолит,5.1 ct,Штучный,Смешанная,(N) Не подвергался,Индия,"Крайне незначительные включения, видимые невооруженным глазом",,6.7 мм,
Круг,7.65 мм,7.65 мм,15 450 руб,https://kolvika.ru/product/iolit-krug-765-x-765-x-470-mm,Полудрагоценный,Иолит,1.18 ct,Штучный,Смешанная,(N) Не подвергался,Намибия,"Значительные включения, видимые невооруженным глазом",,4.7 мм,
Овал,12.05 мм,8.2 мм,6 350 руб,https://kolvika.ru/product/iolit-kaboshon-oval-1205-x-820-x-380-mm,Полудрагоценный,Иолит,2.55 ct,Штучный,Кабошон,(N) Не подвергался,Намибия,Просвечивающий,,3.8 мм,
Багет,8.1 мм,4.3 мм,33 600 руб,https://kolvika.ru/product/kvarts-baget-810-x-430-x-490-mm,Полудрагоценный,Кварц,1.23 ct,Штучный,Пошаговая,(N) Не подвергался,Мадагаскар,"Включения, видимые невооруженным глазом",,4.9 мм,
Груша,10.0 мм,6.25 мм,6 700 руб,https://kolvika.ru/product/olikoglaz-grusha-1000-h-625-h-470-mm,Полудрагоценный,Оликоглаз,1.44 ct,Штучный,Смешанная,(N) Не подвергался,Кения,"Крайне незначительные включения, чистый на глаз",,4.7 мм,
Триллион,5.5 мм,5.3 мм,9 600 руб,https://kolvika.ru/product/kolemanit-trillion-550-x-530-x-265-mm,Полудрагоценный,Колеманит,0.33 ct,Штучный,Смешанная,(N) Не подвергался,"Долина Смерти, США","Крайне незначительные включения, видимые невооруженным глазом",,2.65 мм,
Овал,8.0 мм,6.0 мм,2 250 руб,https://kolvika.ru/product/rodolit-oval-800-x-600-mm,Полудрагоценный,Родолит,1.5 ct,Калиброваный,Португальская,(N) Не подвергался,Восточная Африка,"Незначительные включения, чистый на глаз",,,
Груша,10.05 мм,7.05 мм,7 950 руб,https://kolvika.ru/product/olikoglaz-grusha-1005-h-705-h-435-mm,Полудрагоценный,Оликоглаз,1.7 ct,Штучный,Смешанная,(N) Не подвергался,Кения,"Крайне незначительные включения, чистый на глаз",,4.35 мм,
Круг,2.85 мм,2.85 мм,540 руб,https://kolvika.ru/product/rodolit-krug-285-x-285-mm,Полудрагоценный,Родолит,0.3 ct,Калиброваный,Португальская,(N) Не подвергался,Восточная Африка,"Незначительные включения, чистый на глаз",,,
Круг,6.0 мм,6.0 мм,2 600 руб,https://kolvika.ru/product/rodolit-krug-600-x-600-mm,Полудрагоценный,Родолит,,Калиброваный,,,,,,,
Овал,8.0 мм,6.0 мм,2 670 руб,https://kolvika.ru/product/rodolit-oval-800-h-600-mm,Полудрагоценный,Родолит,1.4 ct,Калиброваный,Португальская,(N) Не подвергался,Восточная Африка,"Незначительные включения, чистый на глаз",,,
Октагон,6.0 мм,4.0 мм,2 135 руб,https://kolvika.ru/product/rodolit-oktagon-600-h-400-mm,Полудрагоценный,Родолит,1.4 ct,Калиброваный,Португальская,(N) Не подвергался,Восточная Африка,"Незначительные включения, чистый на глаз",,,
Груша,6.0 мм,4.0 мм,940 руб,https://kolvika.ru/product/rodolit-kaboshon-grusha-600-h-400-mm,Полудрагоценный,Родолит,0.7 ct,Калиброваный,Кабошон,(N) Не подвергался,Восточная Африка,"Незначительные включения, чистый на глаз",,,
Овал,11.0 мм,9.0 мм,44 850 руб,https://kolvika.ru/product/skapolit-oval-1100-x-900-x-590-mm,Полудрагоценный,Скаполит,2.9 ct,Штучный,Смешанная,(N) Не подвергался,Танзания,"Включения, видимые невооруженным глазом",,5.9 мм,
Октагон,8.0 мм,6.0 мм,3 600 руб,https://kolvika.ru/product/rodolit-oktagon-800-h-600-mm,Полудрагоценный,Родолит,1.9 ct,Калиброваный,Португальская,(N) Не подвергался,Восточная Африка,"Незначительные включения, чистый на глаз",,,
Овал,6.0 мм,4.0 мм,840 руб,https://kolvika.ru/product/rodolit-oval-600-h-400-mm-2,Полудрагоценный,Родолит,0.7 ct,Калиброваный,Португальская,(N) Не подвергался,Восточная Африка,"Незначительные включения, чистый на глаз",,,
Круг,5.0 мм,5.0 мм,4 350 руб,https://kolvika.ru/product/sfalerit-krug-500-x-500-x-340-mm,Полудрагоценный,Сфалерит (Клейофан),0.7 ct,Штучный,Смешанная,(N) Не подвергался,Испания,"Крайне незначительные включения, видимые невооруженным глазом",,3.4 мм,
Овал,6.4 мм,5.5 мм,16 000 руб,https://kolvika.ru/product/spessartin-oval-640-x-550-x-390-mm,Полудрагоценный,Спессартин гранат,1.3 ct,Штучный,Пошаговая,(N) Не подвергался,Африка,"Крайне незначительные включения, чистый на глаз",,3.9 мм,
Круг,5.75 мм,5.75 мм,6 450 руб,https://kolvika.ru/product/sfalerit-krug-575-x-575-x-390-mm,Полудрагоценный,Сфалерит (Клейофан),1.04 ct,Штучный,Смешанная,(N) Не подвергался,Испания,"Значительные включения, видимые невооруженным глазом",,3.9 мм,
Круг,5.3 мм,5.3 мм,5 000 руб,https://kolvika.ru/product/sfalerit-krug-530-x-530-x-355-mm,Полудрагоценный,Сфалерит (Клейофан),0.81 ct,Штучный,Смешанная,(N) Не подвергался,Испания,"Крайне незначительные включения, видимые невооруженным глазом",,3.55 мм,
Круг,5.2 мм,5.2 мм,5 000 руб,https://kolvika.ru/product/sfalerit-krug-520-x-520-x-350-mm,Полудрагоценный,Сфалерит (Клейофан),0.81 ct,Штучный,Смешанная,(N) Не подвергался,Испания,"Значительные включения, видимые невооруженным глазом",,3.5 мм,
Круг,5.25 мм,5.25 мм,4 700 руб,https://kolvika.ru/product/sfalerit-krug-525-x-525-x-350-mm,Полудрагоценный,Сфалерит (Клейофан),0.75 ct,Штучный,Смешанная,(N) Не подвергался,Испания,"Значительные включения, видимые невооруженным глазом",,3.5 мм,
Квадрат,5.8 мм,5.8 мм,7 700 руб,https://kolvika.ru/product/sfen-kvadrat-580-x-580-x-375-mm,Полудрагоценный,Сфен (Титанит),1.01 ct,Штучный,Смешанная,(N) Не подвергался,"Байя Калифорния, Мексика","Значительные включения, видимые невооруженным глазом",,3.75 мм,
Овал,6.35 мм,4.0 мм,4 000 руб,https://kolvika.ru/product/sfen-oval-635-x-400-x-285-mm,Полудрагоценный,Сфен (Титанит),0.51 ct,Штучный,Смешанная,(N) Не подвергался,Бразилия,"Крайне незначительные включения, видимые невооруженным глазом",,2.85 мм,
Октагон,9.55 мм,5.3 мм,12 500 руб,https://kolvika.ru/product/sfen-oktagon-955-x-530-x-375-mm,Полудрагоценный,Сфен (Титанит),1.62 ct,Штучный,Радиант,(N) Не подвергался,,"Крайне незначительные включения, видимые невооруженным глазом",,3.75 мм,
Овал,5.6 мм,3.65 мм,2 950 руб,https://kolvika.ru/product/sfen-oval-560-x-365-x-255-mm,Полудрагоценный,Сфен (Титанит),0.38 ct,Штучный,Смешанная,(N) Не подвергался,Бразилия,"Значительные включения, видимые невооруженным глазом",,2.55 мм,
Овал,7.35 мм,5.1 мм,7 450 руб,https://kolvika.ru/product/sfen-oval-735-x-510-x-345-mm,Полудрагоценный,Сфен (Титанит),0.93 ct,Штучный,Смешанная,(N) Не подвергался,"Байя Калифорния, Мексика","Крайне незначительные включения, видимые невооруженным глазом",,3.45 мм,
Овал,8.35 мм,6.55 мм,13 500 руб,https://kolvika.ru/product/sfen-oval-835-x-655-x-460-mm,Полудрагоценный,Сфен (Титанит),1.76 ct,Штучный,Смешанная,(N) Не подвергался,"Байя Калифорния, Мексика","Значительные включения, видимые невооруженным глазом",,4.6 мм,
Октагон,7.45 мм,4.7 мм,7 700 руб,https://kolvika.ru/product/sfen-oktagon-745-x-470-x-330-mm,Полудрагоценный,Сфен (Титанит),0.99 ct,Штучный,Радиант,(N) Не подвергался,"Байя Калифорния, Мексика","Незначительные включения, чистый на глаз",,3.3 мм,
Овал,7.5 мм,4.9 мм,6 950 руб,https://kolvika.ru/product/sfen-oval-750-x-490-x-350-mm,Полудрагоценный,Сфен (Титанит),0.91 ct,Штучный,Смешанная,(N) Не подвергался,"Байя Калифорния, Мексика","Значительные включения, видимые невооруженным глазом",,3.5 мм,
Груша,9.0 мм,6.5 мм,12 450 руб,https://kolvika.ru/product/sfen-grusha-900-x-650-x-450-mm,Полудрагоценный,Сфен (Титанит),1.61 ct,Штучный,Смешанная,(N) Не подвергался,"Байя Калифорния, Мексика","Очень значительные включения, видимые невооруженным глазом",,4.5 мм,
Овал,6.25 мм,3.8 мм,3 350 руб,https://kolvika.ru/product/sfen-oval-625-x-380-x-240-mm,Полудрагоценный,Сфен (Титанит),0.43 ct,Штучный,Бриллиантовая,(N) Не подвергался,"Байя Калифорния, Мексика","Крайне незначительные включения, видимые невооруженным глазом",,2.4 мм,
Груша,10.6 мм,5.6 мм,17 600 руб,https://kolvika.ru/product/tanzanit-grusha-1060-x-560-x-405-mm,Полудрагоценный,Цоизит,1.41 ct,Штучный,Пошаговая,(H) Термическая обработка,Танзания,"Значительные включения, видимые невооруженным глазом",,,
Октагон,8.0 мм,4.8 мм,10 800 руб,https://kolvika.ru/product/tanzanit-oktagon-800-x-480-x-315-mm,Полудрагоценный,Танзанит,1.1 ct,Штучный,Пошаговая,(H) Термическая обработка,Танзания,"Крайне незначительные включения, видимые невооруженным глазом",,3.15 мм,
Груша,10.5 мм,6.3 мм,13 600 руб,https://kolvika.ru/product/sfen-grusha-1050-x-630-x-410-mm,Полудрагоценный,Сфен (Титанит),1.7 ct,Штучный,Смешанная,(N) Не подвергался,"Байя Калифорния, Мексика",,,,
Кушон,5.9 мм,5.5 мм,9 850 руб,https://kolvika.ru/product/tanzanit-kushion-590-x-550-x-415-mm,,Цоизит,1.18 ct,Штучный,Португальская,(H) Термическая обработка,Танзания,"Незначительные включения, видимые невооруженным глазом",,,
Кушон,6.25 мм,5.65 мм,11 350 руб,https://kolvika.ru/product/tanzanit-kushion-625-x-565-x-450-mm,Полудрагоценный,Цоизит,1.1 ct,Штучный,Пошаговая,(H) Термическая обработка,Танзания,"Крайне незначительные включения, видимые невооруженным глазом",,,
Кушон,8.0 мм,6.0 мм,15 800 руб,https://kolvika.ru/product/tanzanit-kushion-800-x-600-x-360-mm,Полудрагоценный,Танзанит,1.57 ct,Штучный,Пошаговая,(H) Термическая обработка,Танзания,"Включения, видимые невооруженным глазом",,3.6 мм,
Маркиз,4.0 мм,2.0 мм,2 250 руб,https://kolvika.ru/product/tsavorit-markiza-400-x-200-x-145-mm,Полудрагоценный,Тсаворит,0.07 ct,Штучный,Пошаговая,(N) Не подвергался,Танзания,,,,
Овал,7.6 мм,5.6 мм,11 750 руб,https://kolvika.ru/product/tanzanit-oval-760-x-560-x-315-mm,Полудрагоценный,Танзанит,1.0 ct,Штучный,Пошаговая,(H) Термическая обработка,Танзания,"Крайне незначительные включения, видимые невооруженным глазом",,3.15 мм,
Маркиз,4.5 мм,2.0 мм,2 850 руб,https://kolvika.ru/product/tsavorit-markiza-450-x-200-x-140-mm,Полудрагоценный,Тсаворит,0.1 сt,Штучный,Пошаговая,(N) Не подвергался,Танзания,"Незначительные включения, чистый на глаз",,,
Овал,7.5 мм,4.65 мм,84 350 руб,https://kolvika.ru/product/topaz-oval-750-x-465-x-315-mm,Полудрагоценный,Топаз,0.93 ct,Штучный,Шахматная,(N) Не подвергался,Бразилия,"Крайне незначительные включения, чистый на глаз",,,
Овал,9.1 мм,6.5 мм,13 150 руб,https://kolvika.ru/product/turmalin-oval-910-x-650-x-460-mm,Полудрагоценный,Турмалин,1.8 ct,Штучный,Пошаговая,(N) Не подвергался,Танзания,"Крайне незначительные включения, видимые невооруженным глазом",,4.6 мм,
Овал,7.8 мм,6.1 мм,8 650 руб,https://kolvika.ru/product/turmalin-oval-780-x-610-x-480-mm,Полудрагоценный,Турмалин,1.5 ct,Штучный,Пошаговая,(N) Не подвергался,Танзания,"Включения, видимые невооруженным глазом",,4.8 мм,
Октагон,7.1 мм,4.6 мм,6 100 руб,https://kolvika.ru/product/turmalin-oktagon-710-x-460-x-355-mm,Полудрагоценный,Турмалин,1.1 ct,Штучный,Пошаговая,(N) Не подвергался,Танзания,"Крайне незначительные включения, видимые невооруженным глазом",,3.55 мм,
Овал,7.85 мм,5.8 мм,4 350 руб,https://kolvika.ru/product/turmalin-oval-785-x-580-x-355-mm,Полудрагоценный,Турмалин,1.0 ct,Штучный,Пошаговая,(N) Не подвергался,Танзания,"Крайне незначительные включения, видимые невооруженным глазом",,3.55 мм,
Груша,9.15 мм,7.3 мм,13 000 руб,https://kolvika.ru/product/turmalin-grusha-915-x-730-x-575-mm,Полудрагоценный,Турмалин,2.2 ct,Штучный,Пошаговая,(N) Не подвергался,Танзания,"Крайне незначительные включения, видимые невооруженным глазом",,5.75 мм,
Овал,8.1 мм,6.3 мм,6 950 руб,https://kolvika.ru/product/turmalin-oval-810-x-630-x-450-mm,Полудрагоценный,Турмалин,1.5 ct,Штучный,Пошаговая,(N) Не подвергался,Танзания,"Крайне незначительные включения, видимые невооруженным глазом",,4.5 мм,
Овал,8.2 мм,6.1 мм,19 450 руб,https://kolvika.ru/product/turmalin-oval-820-x-610-x-410-mm,Полудрагоценный,Турмалин,1.3 ct,Штучный,Португальская,(N) Не подвергался,Нигерия,"Крайне незначительные включения, видимые невооруженным глазом",,4.1 мм,
Круг,3.0 мм,3.0 мм,2 950 руб,https://kolvika.ru/product/turmalin-hrom-krug-300-x-300-mm,Полудрагоценный,Турмалин,0.09 ct,Штучный,Бриллиантовая,(N) Не подвергался,Восточная Африка,"Крайне незначительные включения, чистый на глаз",,,
Овал,9.0 мм,7.0 мм,7 750 руб,https://kolvika.ru/product/lazurit-komplekt-5-kamney-kaboshon-oval-900-h-700-mm,Полудрагоценный,Лазурит,2.1 ct,Комплект,Кабошон,(N) Не подвергался,Афганистан,Непрозрачен,,,
Овал,8.0 мм,6.0 мм,7 750 руб,https://kolvika.ru/product/lazurit-komplekt-9-kamney-kaboshon-oval-800-h-600-mm,Полудрагоценный,Лазурит,1.39 ct,Комплект,Кабошон,(N) Не подвергался,Афганистан,Непрозрачен,,,
Октагон,13.7 мм,6.8 мм,28 100 руб,https://kolvika.ru/product/montebrazit-oktagon-1370-x-680-x-510-mm,Полудрагоценный,Монтебразит,3.6 ct,Штучный,Ректангл,(N) Не подвергался,Бразилия,"Крайне незначительные включения, видимые невооруженным глазом",,,
Овал,9.0 мм,7.0 мм,7 450 руб,https://kolvika.ru/product/lazurit-komplekt-5-kamney-kaboshon-oval-900-h-700-mm-2,Полудрагоценный,Лазурит,0.21 ct,Комплект,Кабошон,(N) Не подвергался,Афганистан,Непрозрачен,,,
Овал,11.0 мм,9.0 мм,9 600 руб,https://kolvika.ru/product/lazurit-komplekt-4-kamnya-kaboshon-oval-1100-x-900-mm,Полудрагоценный,Лазурит,,Комплект,Кабошон,(N) Не подвергался,Афганистан,Непрозрачен,,,
Круг,18.0 мм,18.0 мм,10 950 руб,https://kolvika.ru/product/haltsedon-kaboshon-krug-1800-x-1800-x-720-mm,Полудрагоценный,Халцедон,16.3 ct,Штучный,Кабошон,(N) Не подвергался,Африка,Просвечивающий,,,
Овал,14.0 мм,10.0 мм,1 600 руб,https://kolvika.ru/product/haltsedon-kaboshon-oval-1400-x-1000-mm,Полудрагоценный,Халцедон,,Штучный,Кабошон,(N) Не подвергался,Африка,Просвечивающий,,,
Груша,12.0 мм,8.0 мм,2 450 руб,https://kolvika.ru/product/haltsedon-kaboshon-grusha-1200-x-800-x-560-mm,Полудрагоценный,Халцедон,3.5 ct,Штучный,Кабошон,(N) Не подвергался,Африка,Просвечивающий,,,
Овал,8.0 мм,6.0 мм,850 руб,https://kolvika.ru/product/haltsedon-kaboshon-oval-800-x-600-x-410-mm,Полудрагоценный,Халцедон,1.36 ct,Штучный,Кабошон,(N) Не подвергался,Африка,Просвечивающий,,,
Овал,16.0 мм,12.0 мм,2 200 руб,https://kolvika.ru/product/haltsedon-kaboshon-oval-1600-x-1200-mm,Полудрагоценный,Халцедон,8.5 ct,Штучный,Кабошон,(N) Не подвергался,Африка,Непрозрачен,,,
Овал,18.0 мм,13.0 мм,3 000 руб,https://kolvika.ru/product/haltsedon-kaboshon-oval-1800-h-1300-mm,Полудрагоценный,Халцедон,11.5 ct,Штучный,Кабошон,(N) Не подвергался,Африка,Просвечивающий,,,
Овал,3.6 мм,2.75 мм,2 200 руб,https://kolvika.ru/product/hromepidot-oval-360-x-275-mm,Полудрагоценный,Хромэпидот,0.12 ct,Штучный,Смешанная,(N) Не подвергался,Пакистан,"Крайне незначительные включения, чистый на глаз",,,
Овал,7.5 мм,6.1 мм,30 350 руб,https://kolvika.ru/product/hrizoberill-koshachiy-glaz-kaboshon-oval-750-x-610-x-410-mm,Полудрагоценный,Хризоберилл Кошачий глаз,1.8 ct,Штучный,Кабошон,(N) Не подвергался,Мадагаскар,Просвечивающий,,,
Октагон,4.05 мм,2.45 мм,2 500 руб,https://kolvika.ru/product/hromepidot-oktagon-405-x-245-mm,Полудрагоценный,Хромэпидот,0.14 ct,Штучный,Пошаговая,(N) Не подвергался,Пакистан,"Крайне незначительные включения, чистый на глаз",,,
Овал,9.9 мм,7.9 мм,2 500 руб,https://kolvika.ru/product/hrizopraz-kaboshon-oval-995-x-795-x-480-mm,Полудрагоценный,Хризопраз,,Штучный,Кабошон,,,,,,
Овал,7.1 мм,5.1 мм,950 руб,https://kolvika.ru/product/hrizopraz-kaboshon-oval-710-x-515-x-330-mm,Полудрагоценный,Хризопраз,,Штучный,Кабошон,,,,,,
,16.0 мм,12.0 мм,10 250 руб,https://kolvika.ru/product/hrizopraz-kaboshon-oval1600-x-1200-x-710-mm,Полудрагоценный,Хризопраз,,Штучный,Кабошон,,,,,,
Круг,7.0 мм,7.0 мм,1 450 руб,https://kolvika.ru/product/hrizopraz-kaboshon-krug-700-x-700-x-430-mm,Полудрагоценный,Хризопраз,,Штучный,Кабошон,,,,,,
Овал,7.9 мм,5.8 мм,1 100 руб,https://kolvika.ru/product/hrizopraz-kaboshon-oval-795-x-580-x-345-mm,Полудрагоценный,Хризопраз,,Штучный,Кабошон,,,,,,
Груша,9.9 мм,6.8 мм,2 200 руб,https://kolvika.ru/product/hrizopraz-kaboshon-grusha-995-x-685-x-485-mm,Полудрагоценный,Хризопраз,,Штучный,Кабошон,,,,,,
Овал,7.1 мм,5.1 мм,850 руб,https://kolvika.ru/product/hrizopraz-kaboshon-oval-715-x-510-x-335-mm,Полудрагоценный,Хризопраз,,Штучный,Кабошон,,,,,,
Овал,7.65 мм,5.85 мм,6 450 руб,https://kolvika.ru/product/tsirkon-oval-765-x-585-x-300-mm,Полудрагоценный,Циркон,1.4 ct,Штучный,Смешанная,(H) Термическая обработка,"Паилин, Камбоджа",,,,
Овал,7.75 мм,5.45 мм,7 450 руб,https://kolvika.ru/product/tsirkon-oval-775-x-545-x-360-mm,Полудрагоценный,Циркон,1.7 ct,Штучный,Смешанная,(H) Термическая обработка,"Паилин, Камбоджа","Крайне незначительные включения, чистый на глаз",,,
Кушон,6.65 мм,5.0 мм,13 850 руб,https://kolvika.ru/product/tsoizit-kushon-665-x-500-x-400-mm,Полудрагоценный,Цоизит,1.12 ct,Штучный,Пошаговая,(H) Термическая обработка,Танзания,"Крайне незначительные включения, видимые невооруженным глазом",,,
Груша,8.0 мм,5.8 мм,1 100 руб,https://kolvika.ru/product/hrizopraz-kaboshon-grusha-800-x-580-x-360-mm,Полудрагоценный,Хризопраз,,Штучный,Кабошон,,,,,,
Овал,7.0 мм,5.0 мм,1 200 руб,https://kolvika.ru/product/hrizopraz-oval-kaboshon-70-x-50-mm,Полудрагоценный,Хризопраз,,Штучный,Кабошон,,,,,,
Круг,2.5 мм,2.5 мм,2 200 руб,https://kolvika.ru/product/shpinel-krug-250-x-250-mm,Полудрагоценный,Шпинель,0.06 ct,Штучный,Бриллиантовая,(N) Не подвергался,Бирма,Непрозрачен,,,
Круг,2.0 мм,2.0 мм,1 100 руб,https://kolvika.ru/product/shpinel-krug-200-x-200-x-130-mm,Полудрагоценный,Шпинель,0.03 ct,Штучный,Бриллиантовая,(N) Не подвергался,Бирма,Непрозрачен,,,
Октагон,8.4 мм,7.1 мм,10 950 руб,https://kolvika.ru/product/flyuorit-oktagon-840-x-710-x-535-mm,Полудрагоценный,Флюорит,2.3 ct,Штучный,Радиант,(N) Не подвергался,"Лайм-сити, Огайо, США","Крайне незначительные включения, чистый на глаз",,,
Круг,0.9 мм,0.9 мм,50 руб,https://kolvika.ru/product/muassanit-krug-090-mm,,,0.01 ct,,,,Китай,,,,
Сердце,14.0 мм,14.0 мм,750 руб,https://kolvika.ru/product/fianit-serdtse-1400-h-1400-mm-belyy-aa,,,,,,,,,,,
Груша,13.0 мм,18.0 мм,875 руб,https://kolvika.ru/product/fianit-grusha-1300-h-1800-mm-belyy-aa,,,,,,,,,,,
Груша,9.0 мм,11.0 мм,263 руб,https://kolvika.ru/product/fianit-grusha-900-h1100-mm-belyy-aa,,,,,,,,,,,
Круг,1.1 мм,1.1 мм,75 руб,https://kolvika.ru/product/muassanit-krug-110-mm,,,0.01 ct,,,,Китай,,,,
Круг,1.6 мм,1.6 мм,266 руб,https://kolvika.ru/product/muassanit-krug-160-mm,,,0.01 ct,,,,Китай,,,,
Круг,1.2 мм,1.2 мм,130 руб,https://kolvika.ru/product/muassanit-krug-120-mm,,,0.01 ct,,,,Китай,,,,
Круг,2.1 мм,2.1 мм,591 руб,https://kolvika.ru/product/muassanit-krug-210-mm,,,0.04 ct,,,,Китай,,,,
Круг,2.4 мм,2.4 мм,825 руб,https://kolvika.ru/product/muassanit-krug-240-mm,,,0.05 ct,,,,Китай,,,,
Круг,2.2 мм,2.2 мм,656 руб,https://kolvika.ru/product/muassanit-krug-220-mm,,,0.04 ct,,,,Китай,,,,
Круг,2.3 мм,2.3 мм,749 руб,https://kolvika.ru/product/muassanit-krug-230-mm,,,0.04 ct,,,,Китай,,,,
Круг,2.7 мм,2.7 мм,1 173 руб,https://kolvika.ru/product/muassanit-krug-270-mm,,,0.07 ct,,,,Китай,,,,
Круг,2.6 мм,2.6 мм,1 028 руб,https://kolvika.ru/product/muassanit-krug-260-mm,,,0.06 ct,,,,Китай,,,,
Круг,2.5 мм,2.5 мм,1 029 руб,https://kolvika.ru/product/muassanit-krug-250-mm,,,0.05 ct,,,,Китай,,,,
Круг,2.8 мм,2.8 мм,1 370 руб,https://kolvika.ru/product/muassanit-krug-280-mm,,,0.08 ct,,,,Китай,,,,
Круг,6.0 мм,6.0 мм,7 763 руб,https://kolvika.ru/product/muassanit-krug-600-mm,,,0.73 ct,,,,Китай,,,,
Круг,4.5 мм,4.5 мм,3 882 руб,https://kolvika.ru/product/muassanit-krug-450-mm,,,0.31 ct,,,,Китай,,,,
Круг,5.0 мм,5.0 мм,4 850 руб,https://kolvika.ru/product/muassanit-krug-500-mm,,,0.43 ct,,,,Китай,,,,
Круг,7.0 мм,7.0 мм,11 644 руб,https://kolvika.ru/product/muassanit-krug-700-mm,,,1.2 ct,,,,Китай,,,,
Круг,10.0 мм,10.0 мм,38 750 руб,https://kolvika.ru/product/muassanit-krug-100-mm-2,,,3.3 ct,,,,Китай,,,,
Круг,17.0 мм,17.08 мм,32 700 руб,https://kolvika.ru/product/tsitrin-krug-1700-h-1708-h-1104-mm,Полудрагоценный,Цитрин,14.85 ct,Штучный,Бриллиантовая,(N) Не подвергался,Бразилия,"Крайне незначительные включения, чистый на глаз",,,
Груша,4.0 мм,3.0 мм,3 700 руб,https://kolvika.ru/product/akvamarin-grusha-400-x-300-mm,Полудрагоценный,Аквамарин,0.2 ct,Штучный,Пошаговая,(N) Не подвергался,Мадагаскар,"Крайне незначительные включения, чистый на глаз",,,
Квадрат,2.0 мм,2.0 мм,90 руб,https://kolvika.ru/product/topaz-bts-kvadrat-200-h-200-mm,Полудрагоценный,Топаз,0.04 ct,Калиброваный,Смешанная,,,"Крайне незначительные включения, чистый на глаз",,,
Овал,6.0 мм,4.0 мм,350 руб,https://kolvika.ru/product/rodolit-kaboshon-oval-600-x-400,Полудрагоценный,Родолит,0.6 ct,Калиброваный,Кабошон,(N) Не подвергался,Восточная Африка,"Незначительные включения, чистый на глаз",,,
Звезда,10.5 мм,10.5 мм,41 350 руб,https://kolvika.ru/product/rodolit-zvezda-105-h-105-h-35-mm,Полудрагоценный,Родолит,2.85 ct,Штучный,Различная,(N) Не подвергался,Танзания,"Крайне незначительные включения, чистый на глаз",,3.5 мм,
Звезда,10.5 мм,10.5 мм,41 350 руб,https://kolvika.ru/product/rodolit-zvezda105-h-105-h-34-mm,Полудрагоценный,Родолит,2.75 ct,Штучный,Различная,(N) Не подвергался,Танзания,"Крайне незначительные включения, чистый на глаз",,3.4 мм,
Овал,6.0 мм,4.0 мм,400 руб,https://kolvika.ru/product/topaz-sky-oval-kaboshon-600-h-400-mm,Полудрагоценный,Топаз Скай,,Калиброваный,Кабошон,(G) Облучение,Южная Америка,"Крайне незначительные включения, чистый на глаз",,,
Круг,5.5 мм,5.5 мм,7 650 руб,https://kolvika.ru/product/muassanit-krug-55-mm,,,0.57 ct,,,,Китай,,,,
Овал,6.0 мм,8.0 мм,22 800 руб,https://kolvika.ru/product/muassanit-oval-60-h-80-mm,,,1.36 ct,,,,Китай,,,,
Круг,1.25 мм,1.25 мм,7 руб,https://kolvika.ru/product/fianit-morganit-krug-125-mm,,,,,,,,,,,
Овал,6.0 мм,9.0 мм,21 975 руб,https://kolvika.ru/product/muassanit-oval-60-h-90-mm,,,1.78 ct,,,,Китай,,,,
Принцесса,4.5 мм,4.5 мм,9 169 руб,https://kolvika.ru/product/muassanit-printsessa-45-h-45-mm,,,0.48 ct,,,,Китай,,,,
Принцесса,5.5 мм,5.5 мм,13 519 руб,https://kolvika.ru/product/muassanit-printsessa-55-h-55-mm,,,0.91 ct,,,,Китай,,,,
Принцесса,5.0 мм,5.0 мм,10 582 руб,https://kolvika.ru/product/muassanit-printsessa-50-h-50-mm,,,0.76 ct,,,,Китай,,,,
Принцесса,6.0 мм,6.0 мм,18 575 руб,https://kolvika.ru/product/muassanit-printsessa-60-h-60-mm,,,1.19 ct,,,,Китай,,,,
Кушон,4.0 мм,8.0 мм,18 950 руб,https://kolvika.ru/product/muassanit-kushion-40-h-80-mm,,,0.83 ct,,,,Китай,,,,
Принцесса,6.5 мм,6.5 мм,23 025 руб,https://kolvika.ru/product/muassanit-printsessa-65-h-65-mm,,,1.54 ct,,,,Китай,,,,
Радиант,7.0 мм,5.0 мм,36 875 руб,https://kolvika.ru/product/muassanit-radiant-50-h-70-mm,,,1.01 ct,,,,Китай,,,,
Сердце,6.5 мм,6.5 мм,15 850 руб,https://kolvika.ru/product/muassanit-serdtse-65-h-65-mm,,,0.96 ct,,,,Китай,,,,
Сердце,7.5 мм,7.5 мм,22 128 руб,https://kolvika.ru/product/muassanit-serdtse-75-h-75-mm,,,1.48 ct,,,,Китай,,,,
Триллион,3.0 мм,3.0 мм,4 975 руб,https://kolvika.ru/product/muassanit-trillion-30-h-30-mm,,,0.1 сt,,,,Китай,,,,
Октагон,6.0 мм,8.0 мм,40 750 руб,https://kolvika.ru/product/muassanit-oktagon-60-h-80-mm,,,1.63 ct,,,,Китай,,,,
Маркиз,4.0 мм,8.0 мм,12 338 руб,https://kolvika.ru/product/muassanit-markiz-40-h-80-mm,,,,,,,,,,,
Маркиз,6.0 мм,12.0 мм,32 150 руб,https://kolvika.ru/product/muassanit-markiz-60-h-120-mm,,,1.87 ct,,,,Китай,,,,
Прямоугольник,4.0 мм,6.0 мм,14 175 руб,https://kolvika.ru/product/muassanit-pryamougolnik-40-h-60-mm,,,0.55 ct,,,,Китай,,,,
Маркиз,5.0 мм,10.0 мм,17 975 руб,https://kolvika.ru/product/muassanit-markiz-50-h-100-mm,,,0.9 ct,,,,Китай,,,,
Прямоугольник,6.0 мм,8.0 мм,33 550 руб,https://kolvika.ru/product/muassanit-pryamougolnik-60-h-80-mm,,,1.69 ct,,,,Китай,,,,
Круг,5.5 мм,5.5 мм,4 588 руб,https://kolvika.ru/product/muassanit-krug-55-mm-2,,,0.57 ct,,,,Китай,,,,
Трапеция,5.0 мм,2.5 мм,2 800 руб,https://kolvika.ru/product/muassanit-trapetsiya-50-h-25-h-20-mm,,,0.16 ct,,,,Китай,,,,
Круг,6.5 мм,6.5 мм,11 188 руб,https://kolvika.ru/product/muassanit-krug-65-mm-2,,,0.95 ct,,,,Китай,,,,
Круг,5.5 мм,5.5 мм,6 675 руб,https://kolvika.ru/product/muassanit-krug-55-mm-3,,,0.57 ct,,,,Китай,,,,
Круг,6.5 мм,6.5 мм,11 175 руб,https://kolvika.ru/product/muassanit-krug-65-mm-3,,,0.95 ct,,,,Китай,,,,
Круг,6.5 мм,6.5 мм,10 813 руб,https://kolvika.ru/product/muassanit-krug-65-mm-188dae,,,0.95 ct,,,,Китай,,,,
Круг,5.5 мм,5.5 мм,9 175 руб,https://kolvika.ru/product/muassanit-krug-55-mm-b9a68c,,,0.57 ct,,,,Китай,,,,
Круг,6.5 мм,6.5 мм,10 813 руб,https://kolvika.ru/product/muassanit-krug-65-mm,,,0.95 ct,,,,Китай,,,,
Круг,6.5 мм,6.5 мм,10 875 руб,https://kolvika.ru/product/muassanit-krug-65-mm-fd529f,,,0.95 ct,,,,Китай,,,,
Кушон,7.0 мм,7.0 мм,30 875 руб,https://kolvika.ru/product/muassanit-kushion-70-h-70-mm,,,1.58 ct,,,,Китай,,,,
Кушон,6.5 мм,6.5 мм,18 750 руб,https://kolvika.ru/product/muassanit-kushion-65-h-65-mm,,,1.35 ct,,,,Китай,,,,
Круг,6.5 мм,6.5 мм,10 090 руб,https://kolvika.ru/product/muassanit-krug-65-mm-a1ca18,,,0.95 ct,,,,Китай,,,,
Кушон,5.0 мм,7.0 мм,16 950 руб,https://kolvika.ru/product/muassanit-kushion-50-h-70-mm,,,1.0 ct,,,,Китай,,,,
Кушон,6.5 мм,6.5 мм,18 750 руб,https://kolvika.ru/product/muassanit-kushion-65-h-65-mm-2,,,1.35 ct,,,,Китай,,,,
Кушон,4.0 мм,6.0 мм,13 350 руб,https://kolvika.ru/product/muassanit-kushion-40-h-60-mm,,,0.58 ct,,,,Китай,,,,
Кушон,4.0 мм,8.0 мм,16 325 руб,https://kolvika.ru/product/muassanit-kushion-40-h-80-mm-2,,,0.83 ct,,,,Китай,,,,
Кушон,5.0 мм,7.0 мм,16 175 руб,https://kolvika.ru/product/muassanit-kushion-50-h-70-mm-2,,,1.0 ct,,,,Китай,,,,
Кушон,6.0 мм,8.0 мм,29 075 руб,https://kolvika.ru/product/muassanit-kushion-60-h-80-mm,,,1.53 ct,,,,Китай,,,,
Ашер,7.0 мм,7.0 мм,25 625 руб,https://kolvika.ru/product/muassanit-asher-70-h-70-mm,,,1.75 ct,,,,Китай,,,,
Овал,6.0 мм,8.0 мм,21 400 руб,https://kolvika.ru/product/muassanit-oval-60-h-80-mm-2,,,1.36 ct,,,,Китай,,,,
Ашер,6.0 мм,6.0 мм,33 425 руб,https://kolvika.ru/product/muassanit-asher-60-h-60-mm,,,1.09 ct,,,,Китай,,,,
Круг,6.3 мм,6.3 мм,9 525 руб,https://kolvika.ru/product/muassanit-krug-63-mm,,,0.85 ct,,,,Китай,,,,
Кушон,6.0 мм,8.0 мм,28 300 руб,https://kolvika.ru/product/muassanit-kushion-60-h-80-mm-2,,,1.53 ct,,,,Китай,,,,
Октагон,6.0 мм,8.0 мм,28 350 руб,https://kolvika.ru/product/muassanit-oktagon-60-h-80-mm-2,,,1.63 ct,,,,Китай,,,,
Радиант,6.0 мм,8.0 мм,24 188 руб,https://kolvika.ru/product/muassanit-radiant-60-h-80-mm,,,1.53 ct,,,,Китай,,,,
Овал,6.0 мм,8.0 мм,21 400 руб,https://kolvika.ru/product/muassanit-oval-60-h-80-mm-3,,,1.36 ct,,,,Китай,,,,
Овал,18.0 мм,10.0 мм,350 руб,https://kolvika.ru/product/yashma-oval-180-h-100-h-70-mm,Поделочный,Яшма,8.8 ct,Штучный,Кабошон,(N) Не подвергался,Урал,Непрозрачен,,,
Ашер,6.0 мм,6.0 мм,16 713 руб,https://kolvika.ru/product/muassanit-asher-60-h-60-mm-2,,,1.09 ct,,,,Китай,,,,
Овал,24.4 мм,12.0 мм,750 руб,https://kolvika.ru/product/yashma-oval-244-h-120-h-74-mm,Поделочный,Яшма,15.43 ct,Штучный,Кабошон,(N) Не подвергался,Урал,Непрозрачен,,,
Овал,18.0 мм,13.0 мм,6 850 руб,https://kolvika.ru/product/haltsedon-oval-kaboshon-180-h-130-mm,Полудрагоценный,Халцедон,29.0 ct,Штучный,Кабошон,(N) Не подвергался,Африка,Просвечивающий,,,
Овал,14.0 мм,10.0 мм,12 000 руб,https://kolvika.ru/product/hrizopraz-para-oval-140-h-100-mm,Полудрагоценный,,13.64 ct,Парные камни,Кабошон,(N) Не подвергался,Африка,Просвечивающий,,,
Овал,6.0 мм,4.0 мм,1 170 руб,https://kolvika.ru/product/tsitrin-oval-kabashon-60-h-40-mm,Полудрагоценный,Цитрин,0.47 ct,Калиброваный,Кабошон,(H) Термическая обработка,Бразилия,"Крайне незначительные включения, чистый на глаз",,,
Овал,16.1 мм,9.0 мм,24 200 руб,https://kolvika.ru/product/opal-oval-kaboshon-161-x-90-x-43-mm,Полудрагоценный,Опал,3.35 ct,Штучный,Кабошон,(N) Не подвергался,Эфиопия,Просвечивающий,,4.3 мм,
Овал,13.1 мм,11.3 мм,22 250 руб,https://kolvika.ru/product/opal-oval-kaboshon-131-x-113-x-64-mm,Полудрагоценный,Опал,4.7 ct,Штучный,Кабошон,(N) Не подвергался,Эфиопия,Просвечивающий,,6.4 мм,
Звезда,6.2 мм,6.2 мм,16 000 руб,https://kolvika.ru/product/shpinel-zvezda-620-x-620-h-330-mm,Полудрагоценный,Шпинель,0.67 ct,Штучный,,(N) Не подвергался,Танзания,Чистый на глаз,,3.3 мм,
Овал,14.0 мм,10.0 мм,3 500 руб,https://kolvika.ru/product/haltsedon-oval-kaboshon-140-x-100-mm,Полудрагоценный,Халцедон,,Штучный,Кабошон,(N) Не подвергался,Африка,Просвечивающий,,,
Звезда,6.2 мм,6.2 мм,16 000 руб,https://kolvika.ru/product/shpinel-zvezda-620-x-620-h-350-mm,Полудрагоценный,Шпинель,0.67 ct,Штучный,,(N) Не подвергался,Танзания,Чистый на глаз,,3.5 мм,
Овал,18.0 мм,13.0 мм,10 700 руб,https://kolvika.ru/product/hrizopraz-oval-kaboshon-180-x-130-mm,Полудрагоценный,Хризопраз,,Штучный,Кабошон,,,,,,
Овал,16.0 мм,12.0 мм,5 200 руб,https://kolvika.ru/product/haltsedon-oval-kaboshon-160-x-120-mm,Полудрагоценный,Халцедон,8.5 ct,Штучный,Кабошон,(N) Не подвергался,Африка,Просвечивающий,,,
Овал,16.5 мм,12.0 мм,14 000 руб,https://kolvika.ru/product/lunnyy-kamen-kaboshon-oval-1650-x-1200-mm,Полудрагоценный,Лунный камень,13.2 ct,Штучный,Кабошон,(N) Не подвергался,Индия,Просвечивающий,,9.2 мм,
,,,3 000 руб,https://kolvika.ru/product/granat-so-smenoy-tsveta-krug-250-mm,,,,,,,,,,,
Октагон,14.0 мм,10.0 мм,6 670 руб,https://kolvika.ru/product/ametist-svetlyy-oktagon-1400-h-1000-mm,Полудрагоценный,Аметист,,Калиброваный,,(H) Термическая обработка,,,,,
Триллион,12.0 мм,12.0 мм,6 170 руб,https://kolvika.ru/product/topaz-sky-trillion-1200-h-1200-mm,Полудрагоценный,Топаз Скай,6.7 ct,Калиброваный,Португальская,(G) Облучение,Южная Америка,"Крайне незначительные включения, чистый на глаз",,,
Овал,4.0 мм,,90 руб,https://kolvika.ru/product/granat-oval-400-h-300-mm,Полудрагоценный,Гранат,,Калиброваный,Различная,(N) Не подвергался,Южная Америка,"Крайне незначительные включения, чистый на глаз",,,
Крест,9.2 мм,7.35 мм,34 850 руб,https://kolvika.ru/product/berill-para-krest-920-h-720-mm,Полудрагоценный,Берилл,2.43 ct,,Различная,(N) Не подвергался,Мадагаскар,"Крайне незначительные включения, чистый на глаз",,,
Крест,9.7 мм,7.6 мм,18 000 руб,https://kolvika.ru/product/berill-krest-970-h-760-mm,Полудрагоценный,Берилл,1.3 ct,Штучный,Различная,(N) Не подвергался,Мадагаскар,"Включения, видимые невооруженным глазом",,,
Крест,9.7 мм,7.6 мм,20 850 руб,https://kolvika.ru/product/berill-krest-970-h-760-mm-2,Полудрагоценный,Берилл,1.41 ct,Штучный,Различная,(N) Не подвергался,Мадагаскар,"Крайне незначительные включения, чистый на глаз",,,
Звезда,8.0 мм,8.0 мм,25 000 руб,https://kolvika.ru/product/akvamarin-zvezda-800-h-800-mm,Полудрагоценный,Аквамарин,1.44 ct,Штучный,,(N) Не подвергался,Мадагаскар,"Крайне незначительные включения, чистый на глаз",,6.0 мм,
Звезда,6.8 мм,6.8 мм,19 850 руб,https://kolvika.ru/product/hrizoberill-zvezda-680-h-680-mm,Полудрагоценный,Хризоберилл,1.1 ct,Штучный,Различная,(N) Не подвергался,Танзания,,,,
Звезда,7.4 мм,7.4 мм,33 350 руб,https://kolvika.ru/product/hrizoberill-zvezda-740-h-740-mm,Полудрагоценный,Хризоберилл,1.48 ct,Штучный,Различная,(N) Не подвергался,,"Незначительные включения, чистый на глаз",,,
Звезда,8.0 мм,8.0 мм,20 000 руб,https://kolvika.ru/product/akvamarin-zvezda-800-h-800-mm-2,Полудрагоценный,Аквамарин,1.1 ct,Штучный,,(N) Не подвергался,Мадагаскар,"Крайне незначительные включения, чистый на глаз",,4.6 мм,
Овал,8.0 мм,6.0 мм,11 340 руб,https://kolvika.ru/product/morganit-oval-800-h-600-mm,Полудрагоценный,Морганит,1.2 ct,Калиброваный,Португальская,(N) Не подвергался,Мадагаскар,"Незначительные включения, чистый на глаз",,,
Звезда,5.6 мм,5.6 мм,7 850 руб,https://kolvika.ru/product/turmalin-zvezda-560-h-560-mm,Полудрагоценный,Турмалин,0.4 ct,Штучный,Различная,(N) Не подвергался,Восточная Африка,"Незначительные включения, чистый на глаз",,,
Овал,9.0 мм,7.0 мм,19 000 руб,https://kolvika.ru/product/morganit-oval-900-h-700-mm,Полудрагоценный,Морганит,1.86 ct,Калиброваный,Португальская,(N) Не подвергался,Мадагаскар,"Незначительные включения, чистый на глаз",,,
Звезда,6.2 мм,6.2 мм,7 000 руб,https://kolvika.ru/product/turmalin-zvezda-620-h-620-mm,Полудрагоценный,Турмалин,0.5 ct,Штучный,Различная,(N) Не подвергался,Восточная Африка,"Включения, видимые невооруженным глазом",,,
Звезда,7.2 мм,7.2 мм,15 850 руб,https://kolvika.ru/product/rodolit-zvezda-720-h-720-mm-2,Полудрагоценный,Родолит,1.1 ct,Штучный,Различная,(N) Не подвергался,Танзания,Чистый на глаз,,,
Овал,6.0 мм,4.0 мм,500 руб,https://kolvika.ru/product/ametist-svetlyy-oval-kaboshon-600-h-400-mm,Полудрагоценный,Аметист,0.5 ct,Калиброваный,Кабошон,(H) Термическая обработка,Южная Америка,"Незначительные включения, чистый на глаз",,,
Круг,12.0 мм,12.0 мм,5 840 руб,https://kolvika.ru/product/topaz-sky-krug-1200-mm,Полудрагоценный,Топаз Скай,7.6 ct,Калиброваный,Португальская,(G) Облучение,Южная Америка,"Крайне незначительные включения, чистый на глаз",,,
Фантазийная,12.9 мм,9.5 мм,7 200 руб,https://kolvika.ru/product/agat-ognennyy-forma-fantaziynaya-1290-x-950-x-350-mm,Полудрагоценный,Агат огненный,2.9 ct,Штучный,Фантазийная,(N) Не подвергался,,Просвечивающий,,3.5 мм,
Груша,3.0 мм,4.0 мм,170 руб,https://kolvika.ru/product/ametist-svetlyy-grusha-300-h-400-mm,Полудрагоценный,Аметист,0.13 ct,Калиброваный,Различная,(H) Термическая обработка,Южная Америка,"Крайне незначительные включения, чистый на глаз",,,
Фантазийная,12.3 мм,7.7 мм,11 250 руб,https://kolvika.ru/product/agat-ognennyy-forma-fantaziynaya-1230-x-770-x-310-mm,Полудрагоценный,Агат огненный,2.01 ct,Штучный,Фантазийная,(N) Не подвергался,Мексика,Просвечивающий,,3.1 мм,
Фантазийная,11.0 мм,8.4 мм,11 200 руб,https://kolvika.ru/product/agat-ognennyy-forma-fantaziynaya-1100-x-840-x-260-mm,Полудрагоценный,Агат огненный,1.5 ct,Штучный,Фантазийная,(N) Не подвергался,Мексика,Просвечивающий,,2.6 мм,
Триллион,18.0 мм,9.0 мм,2 200 руб,https://kolvika.ru/product/malahit-para-trillion-kaboshon-1800-h-900-mm,Поделочный,Малахит,,Парные камни,Кабошон,(N) Не подвергался,Африка,Непрозрачен,,,
Фантазийная,10.8 мм,9.0 мм,11 350 руб,https://kolvika.ru/product/agat-ognennyy-forma-fantaziynaya-1080-x-900-x-420-mm,Полудрагоценный,Агат огненный,3.27 ct,Штучный,Фантазийная,(N) Не подвергался,Мексика,Просвечивающий,,4.2 мм,
Овал,20.0 мм,11.0 мм,1 700 руб,https://kolvika.ru/product/malahit-para-oval-2000-h-1100-mm,Поделочный,Малахит,20.42 ct,Парные камни,,(N) Не подвергался,Африка,Непрозрачен,,,
Триллион,10.5 мм,8.0 мм,2 000 руб,https://kolvika.ru/product/malahit-para-trillion-kaboshon-1450-h-800-mm,Поделочный,Малахит,8.12 ct,Парные камни,Кабошон,(N) Не подвергался,Африка,,,,
Овал,7.0 мм,5.0 мм,500 руб,https://kolvika.ru/product/topaz-sky-oval-kaboshon-700-h-500-mm,Полудрагоценный,Топаз Скай,0.97 ct,Калиброваный,Кабошон,(G) Облучение,Южная Америка,"Крайне незначительные включения, чистый на глаз",,,
Овал,16.5 мм,10.0 мм,300 руб,https://kolvika.ru/product/agat-oval-165-h-100-h-32-mm,Поделочный,Агат,10.4 ct,Штучный,,(N) Не подвергался,Урал,Непрозрачен,,,
Круг,7.0 мм,7.0 мм,415 руб,https://kolvika.ru/product/praziolit-krug-700-mm,Полудрагоценный,Празиолит,1.1 ct,Калиброваный,Смешанная,(N) Не подвергался,Бразилия,"Крайне незначительные включения, видимые невооруженным глазом",,,
Овал,9.0 мм,7.0 мм,1 100 руб,https://kolvika.ru/product/topaz-sky-oval-kaboshon-900-h-700-mm,Полудрагоценный,Топаз Скай,2.1 ct,Калиброваный,Кабошон,(G) Облучение,Южная Америка,"Крайне незначительные включения, чистый на глаз",,,
Овал,8.0 мм,6.0 мм,670 руб,https://kolvika.ru/product/topaz-sky-oval-kaboshon-800-h-600-mm,Полудрагоценный,Топаз Скай,1.3 ct,Калиброваный,Кабошон,(G) Облучение,Южная Америка,"Крайне незначительные включения, чистый на глаз",,,
,,,650 руб,https://kolvika.ru/product/amazonit-para-oval-kaboshon-145-h-95-mm,,,,,,,,,,,
Овал,12.7 мм,8.3 мм,250 руб,https://kolvika.ru/product/agat-oval-kabashon-127-h-83-h-60-mm,Поделочный,Агат,4.3 ct,Штучный,Кабошон,(N) Не подвергался,,Непрозрачен,,,
Овал,15.8 мм,10.2 мм,350 руб,https://kolvika.ru/product/amazonit-oval-kaboshon-158-h-102-mm,Поделочный,Амазонит,6.4 ct,Штучный,Кабошон,(N) Не подвергался,Урал,Непрозрачен,,,
Овал,16.2 мм,10.5 мм,350 руб,https://kolvika.ru/product/amazonit-oval-kaboshon-162-h-105-mm,Поделочный,Амазонит,7.6 ct,Штучный,Кабошон,(N) Не подвергался,Урал,Непрозрачен,,,
Овал,15.0 мм,9.4 мм,300 руб,https://kolvika.ru/product/agat-oval-kabashon-150-h-94-h-65-mm,Поделочный,Агат,15.7 ct,Штучный,Кабошон,(N) Не подвергался,,Непрозрачен,,,
Овал,15.5 мм,8.7 мм,300 руб,https://kolvika.ru/product/amazonit-oval-kaboshon-155-h-87-mm,Поделочный,Амазонит,5.0 ct,Штучный,Кабошон,(N) Не подвергался,Урал,Непрозрачен,,,
Овал,15.0 мм,9.8 мм,200 руб,https://kolvika.ru/product/amazonit-oval-150-h-98-mm,Поделочный,Амазонит,5.2 ct,Штучный,,(N) Не подвергался,Урал,Непрозрачен,,,
Овал,13.0 мм,8.0 мм,300 руб,https://kolvika.ru/product/amazonit-oval-130-h-80-mm,Поделочный,Амазонит,3.9 ct,Штучный,,(N) Не подвергался,Урал,Непрозрачен,,,
Груша,8.0 мм,6.0 мм,370 руб,https://kolvika.ru/product/ametist-svetlyy-grusha-80-h-60-mm,Полудрагоценный,Аметист,0.9 ct,Калиброваный,Различная,(H) Термическая обработка,Южная Америка,"Крайне незначительные включения, чистый на глаз",,,
Триллион,8.0 мм,8.0 мм,2 250 руб,https://kolvika.ru/product/topaz-swiss-trillion-80-h-80-mm,Полудрагоценный,Топаз Свисс,2.4 ct,Калиброваный,Португальская,(G) Облучение,Южная Америка,"Крайне незначительные включения, чистый на глаз",,,
Овал,16.4 мм,9.5 мм,300 руб,https://kolvika.ru/product/amazonit-oval-164-h-95-mm,Поделочный,Амазонит,7.5 ct,Штучный,,(N) Не подвергался,Урал,Непрозрачен,,,
Груша,13.9 мм,9.7 мм,5 000 руб,https://kolvika.ru/product/solnechnyy-kamen-grusha-kabashon-139-h-97-mm,Полудрагоценный,Солнечный камень,4.8 ct,Штучный,Кабошон,(N) Не подвергался,,Непрозрачен,,,
Круг,6.1 мм,6.1 мм,3 850 руб,https://kolvika.ru/product/idokraz-krug-610-mm,Полудрагоценный,Идокраз,0.9 ct,Штучный,Бриллиантовая,(N) Не подвергался,Танзания,"Незначительные включения, чистый на глаз",,,
,,,2 700 руб,https://kolvika.ru/product/rauhtopaz-para-oval-kaboshon-1400-h-1000-mm,,,,,,,,,,,
Круг,7.7 мм,7.7 мм,28 350 руб,https://kolvika.ru/product/iolit-krug-770-mm,Полудрагоценный,Иолит,,Штучный,,,,,,,
Груша,7.0 мм,5.0 мм,240 руб,https://kolvika.ru/product/rauhtopaz-grusha-70-h-50-mm,Полудрагоценный,Раухтопаз (Кварц дымчатый),0.7 ct,Калиброваный,,(H) Термическая обработка,Южная Америка,"Незначительные включения, чистый на глаз",,,
Фантазийная,11.0 мм,13.5 мм,87 500 руб,https://kolvika.ru/product/akvamarin-forma-fantaziynaya-110-h-135-mm,Полудрагоценный,Аквамарин,3.4 ct,Штучный,Шахматная,(N) Не подвергался,Мадагаскар,"Крайне незначительные включения, видимые невооруженным глазом",,5.0 мм,
Груша,12.0 мм,8.0 мм,550 руб,https://kolvika.ru/product/rauhtopaz-grusha-120-h-80-mm,Полудрагоценный,Раухтопаз (Кварц дымчатый),2.7 ct,Калиброваный,,(H) Термическая обработка,Южная Америка,"Незначительные включения, чистый на глаз",,,
Круг,3.0 мм,3.0 мм,5 840 руб,https://kolvika.ru/product/granat-so-smenoy-tsveta-krug-30-mm,Полудрагоценный,Гранат со сменой цвета,0.1 сt,Калиброваный,Бриллиантовая,(N) Не подвергался,,,,,
,,,17 500 руб,https://kolvika.ru/product/danburit-para-kushion-80-h-80-mm,,,,,,,,,,,
Круг,2.6 мм,2.6 мм,2 170 руб,https://kolvika.ru/product/demantoid,Полудрагоценный,Демантоид,0.08 ct,Калиброваный,Смешанная,(N) Не подвергался,"река Бобровка, Урал, Россия","Значительные включения, видимые невооруженным глазом",,,
Сердце,8.2 мм,8.5 мм,54 350 руб,https://kolvika.ru/product/turmalin-serdtse-82-h-85-h-63-mm,Полудрагоценный,Турмалин,2.7 ct,Штучный,Португальская,(N) Не подвергался,Конго,Чистый на глаз,,,
Овал,8.9 мм,8.1 мм,48 700 руб,https://kolvika.ru/product/turmalin-oval-89-h-81-h-53-mm,Полудрагоценный,Турмалин,2.53 ct,Штучный,Португальская,(N) Не подвергался,Конго,Чистый на глаз,,,
Овал,21.3 мм,11.0 мм,450 руб,https://kolvika.ru/product/serdolik-oval-213-h-110-h-43-mm,Поделочный,Сердолик,8.1 ct,Штучный,,(N) Не подвергался,Урал,,,,
Груша,6.0 мм,4.0 мм,250 руб,https://kolvika.ru/product/topaz-bts-grusha-60-h-40-mm,Полудрагоценный,Топаз,0.3 ct,Калиброваный,Бриллиантовая,,,"Незначительные включения, чистый на глаз",,,
,,,600 руб,https://kolvika.ru/product/serdolik-para-oval-kaboshon-180-h-110-h-70-mm,,,,,,,,,,,
Овал,20.9 мм,12.2 мм,600 руб,https://kolvika.ru/product/serdolik-oval-209-h-122-h-60-mm,Поделочный,Сердолик,11.83 ct,Штучный,,(N) Не подвергался,Урал,,,,
Маркиз,17.0 мм,8.2 мм,700 руб,https://kolvika.ru/product/hrizopraz-markiza-kaboshon-170-x-82-h-58-mm,Полудрагоценный,Хризопраз,,Штучный,Кабошон,,,,,,
Овал,16.8 мм,11.5 мм,850 руб,https://kolvika.ru/product/hrizopraz-oval-kaboshon-168-x-115-h-81-mm,Полудрагоценный,Хризопраз,,Штучный,,,,,,,
Овал,16.8 мм,9.0 мм,700 руб,https://kolvika.ru/product/hrizopraz-oval-kaboshon-168-x-90-h-70-mm,Полудрагоценный,Хризопраз,,Штучный,,,,,,,
Груша,15.3 мм,9.7 мм,1 100 руб,https://kolvika.ru/product/hrizopraz-grusha-153-x-97-h-40-mm,Полудрагоценный,Хризопраз,,Штучный,,,,,,,
Груша,19.7 мм,15.5 мм,1 350 руб,https://kolvika.ru/product/hrizopraz-grusha-kaboshon-197-x-155-h-70-mm,Полудрагоценный,Хризопраз,,Штучный,Кабошон,,,,,,
Груша,15.4 мм,9.8 мм,1 100 руб,https://kolvika.ru/product/hrizopraz-grusha-154-x-98-h-41-mm,Полудрагоценный,Хризопраз,,Штучный,,,,,,,
,,,1 350 руб,https://kolvika.ru/product/hrizopraz-para-oval-150-h-90-h-70-mm,,,,,,,,,,,
,9.5 мм,9.5 мм,600 руб,https://kolvika.ru/product/hrizopraz-krug-95-x-95-h-44-mm,Полудрагоценный,Хризопраз,,Штучный,,,,,,,
Овал,16.8 мм,11.2 мм,1 000 руб,https://kolvika.ru/product/hrizopraz-oval-168-x-112-h-52-mm,Полудрагоценный,Хризопраз,,Штучный,,,,,,,
Овал,16.6 мм,10.5 мм,600 руб,https://kolvika.ru/product/hrizopraz-oval-166-x-105-h-44-mm,Полудрагоценный,Хризопраз,,Штучный,,,,,,,
Овал,15.0 мм,11.4 мм,1 000 руб,https://kolvika.ru/product/hrizopraz-oval-kaboshon-150-x-114-h-40-mm,Полудрагоценный,Хризопраз,,Штучный,,,,,,,
Круг,0.8 мм,0.8 мм,7 руб,https://kolvika.ru/product/fianit-ametistovyy-krug-08-mm,,,,,,,,,,,
Овал,16.5 мм,15.5 мм,850 руб,https://kolvika.ru/product/hrizopraz-oval-kaboshon-165-x-155-h-91-mm,Полудрагоценный,Хризопраз,,Штучный,Кабошон,,,,,,
Октагон,7.81 мм,5.75 мм,78 500 руб,https://kolvika.ru/product/sapfir-oktagon-781-h-575-mm,Полудрагоценный,Сапфир (Корунд),1.35 ct,Штучный,Изумрудная,,,"Незначительные включения, видимые невооруженным глазом",Имеется сертификат,2.75 мм,
Овал,10.0 мм,8.0 мм,3 340 руб,https://kolvika.ru/product/granat-oval-100-h-80-mm,Полудрагоценный,Гранат,2.7 ct,Калиброваный,Различная,(N) Не подвергался,Южная Америка,"Крайне незначительные включения, чистый на глаз",,,
Груша,7.0 мм,5.0 мм,2 350 руб,https://kolvika.ru/product/grusha-700-h-500-mm,Полудрагоценный,Данбурит,0.7 ct,Штучный,Модифицированная,(N) Не подвергался,Мексика,"Незначительные включения, чистый на глаз",,,
Сердце,8.0 мм,8.0 мм,1 170 руб,https://kolvika.ru/product/serdtse-800-h-800-mm,Полудрагоценный,Цитрин,1.44 ct,Калиброваный,Модифицированная,(H) Термическая обработка,Бразилия,"Крайне незначительные включения, чистый на глаз",,,
,,,1 350 руб,https://kolvika.ru/product/agat-para-oval-1800-h-1400-mm,,,,,,,,,,,
Квадрат,7.0 мм,7.0 мм,7 850 руб,https://kolvika.ru/product/kvadrat-700-h-700-mm,Полудрагоценный,Перидот (Хризолит),1.8 ct,Калиброваный,Различная,(N) Не подвергался,Китай,"Крайне незначительные включения, чистый на глаз",,,
Маркиз,14.0 мм,6.0 мм,1 340 руб,https://kolvika.ru/product/ametist-svetlyy-markiz-1400-h-600-mm,Полудрагоценный,Аметист,2.0 ct,Калиброваный,Модифицированная,(H) Термическая обработка,Южная Америка,"Крайне незначительные включения, чистый на глаз",,,
Груша,9.0 мм,6.0 мм,1 650 руб,https://kolvika.ru/product/peridot-grusha-900-h-600-mm,Полудрагоценный,Перидот (Хризолит),1.2 ct,Калиброваный,Различная,(N) Не подвергался,Китай,"Крайне незначительные включения, чистый на глаз",,,
Груша,8.0 мм,6.0 мм,1 250 руб,https://kolvika.ru/product/peridot-grusha-800-h-600-mm,Полудрагоценный,Перидот (Хризолит),1.15 ct,Калиброваный,Различная,(N) Не подвергался,Китай,"Крайне незначительные включения, чистый на глаз",,,
Овал,14.0 мм,9.5 мм,4 200 руб,https://kolvika.ru/product/solnechnyy-kamen-oval-kaboshon-1400-h-950-mm,Полудрагоценный,Солнечный камень,5.4 ct,Штучный,Кабошон,(N) Не подвергался,,Непрозрачен,,,
Груша,10.0 мм,7.0 мм,7 660 руб,https://kolvika.ru/product/peridot-grusha-1000-h-700-mm,Полудрагоценный,Перидот (Хризолит),1.8 ct,Калиброваный,Различная,(N) Не подвергался,Китай,"Крайне незначительные включения, чистый на глаз",,,
Овал,10.0 мм,8.0 мм,7 850 руб,https://kolvika.ru/product/peridot-oval-1000-h-800-mm,Полудрагоценный,Перидот (Хризолит),2.7 ct,Калиброваный,Различная,(N) Не подвергался,Китай,"Крайне незначительные включения, чистый на глаз",,,
Груша,7.26 мм,4.25 мм,от94 109 руб,https://kolvika.ru/product/brilliant-grusha-725-h-425-mm-030-ct-65,Драгоценный,Бриллиант,0.54 ct,Штучный,,(N) Не подвергался,,,Имеется сертификат,,
,6.41 мм,3.69 мм,от45 432 руб,https://kolvika.ru/product/brilliant-grusha-640-h-370-mm-030-ct-65,Драгоценный,Бриллиант,0.3 ct,Штучный,,(N) Не подвергался,,,Имеется сертификат,,
Круг,3.0 мм,3.0 мм,63 348 руб,https://kolvika.ru/product/brilliant-partiya-3-sht-o-300-mm,Драгоценный,,0.1 сt,Партия,Кр-57,(N) Не подвергался,,,,,
Овал,11.0 мм,9.0 мм,2 570 руб,https://kolvika.ru/product/topaz-sky-oval-1100-h-900-mm,Полудрагоценный,Топаз Скай,4.5 ct,Калиброваный,Португальская,(G) Облучение,Южная Америка,"Крайне незначительные включения, чистый на глаз",,,
Круг,1.0 мм,1.0 мм,75 573 руб,https://kolvika.ru/product/brilliant-partiya-100-sht-o-100-mm,Драгоценный,Бриллиант,0.01 ct,Партия,Кр-57,(N) Не подвергался,,,,,
Круг,1.25 мм,1.25 мм,132 343 руб,https://kolvika.ru/product/brilliant-partiya-100-sht-o-125-mm,Драгоценный,Бриллиант,0.01 ct,Партия,Кр-57,(N) Не подвергался,,,,,
Квадрат,8.0 мм,8.0 мм,1 900 руб,https://kolvika.ru/product/tsitrin-kvadrat-800-h-800-mm,Полудрагоценный,Цитрин,2.2 ct,Калиброваный,Различная,(H) Термическая обработка,Бразилия,"Крайне незначительные включения, чистый на глаз",,,
Овал,7.2 мм,5.1 мм,2 200 руб,https://kolvika.ru/product/rodolit-oval-720-h-510-mm,Полудрагоценный,Родолит,0.9 ct,Штучный,Смешанная,(N) Не подвергался,Танзания,"Незначительные включения, видимые невооруженным глазом",,,
Круг,2.75 мм,2.75 мм,160 000 руб,https://kolvika.ru/product/brilliant-partiya-10-sht-o-275-mm,Драгоценный,Бриллиант,0.08 ct,Партия,Кр-57,(N) Не подвергался,,,,,
Груша,8.0 мм,6.0 мм,250 руб,https://kolvika.ru/product/hrustal-gornyy-grusha-800-h-600,Полудрагоценный,Горный хрусталь,0.9 ct,Калиброваный,Смешанная,,,,,,
Груша,8.0 мм,5.0 мм,440 руб,https://kolvika.ru/product/gornyy-hrustal-grusha-800-h-500-mm,Полудрагоценный,Горный хрусталь,,Калиброваный,,,,,,,
Сердце,7.0 мм,7.0 мм,26 713 руб,https://kolvika.ru/product/muassanit-bts-serdtse-700-h-700-mm,,,,,,,Китай,,,,
Октагон,5.0 мм,3.0 мм,120 руб,https://kolvika.ru/product/rauhtopaz-oktagon-500-h-300-mm,Полудрагоценный,Раухтопаз (Кварц дымчатый),,Калиброваный,,,,,,,
Сердце,6.0 мм,6.0 мм,17 808 руб,https://kolvika.ru/product/muassanit-bts-serdtse-600-h-600-mm,,,,,,,Китай,,,,
Фантазийная,22.2 мм,14.98 мм,3 150 руб,https://kolvika.ru/product/kost-dinozavra-komplekt-5-kamneyrazlichnaya-ogranka,,Кость динозавра,11.23 ct,,,,,,,,
,,,290 руб,https://kolvika.ru/product/rauhtopaz-oktagon-800-h-600-mm,,,,,,,,,,,
Груша,12.0 мм,8.0 мм,1 500 руб,https://kolvika.ru/product/tsitrin-grusha-1200-h-800-mm,Полудрагоценный,Цитрин,1.4 ct,Калиброваный,Различная,(H) Термическая обработка,,,,,
Овал,3.0 мм,5.0 мм,6 435 руб,https://kolvika.ru/product/muassanit-bts-oval-300-h-500-h-200-mm,,,,,,,,,,,
Фантазийная,13.0 мм,11.7 мм,57 750 руб,https://kolvika.ru/product/turmalin-para-fantaziynaya-forma-1300-h-1170-mm,Полудрагоценный,Турмалин,9.9 ct,Парные камни,Слайс (тонкий срез),,Мадагаскар,,,,
Овал,3.0 мм,5.0 мм,6 435 руб,https://kolvika.ru/product/muassanit-bts-oval-300-h-500-h-250-mm,,,,,,,,,,,
Овал,4.0 мм,6.0 мм,14 042 руб,https://kolvika.ru/product/muassanit-bts-oval-400-h-600-mm,,,,,,,,,,,
Груша,5.0 мм,8.0 мм,27 000 руб,https://kolvika.ru/product/muassanit-bts-grusha-500-h-800-mm,,,,,,,,,,,
Сердце,4.0 мм,4.0 мм,6 300 руб,https://kolvika.ru/product/muassanit-bts-serdtse-400-h-400-h-260-mm,,,,,,,,,,,
Сердце,4.0 мм,4.0 мм,6 300 руб,https://kolvika.ru/product/muassanit-bts-serdtse-400-h-400-h-250-mm,,,,,,,,,,,
,1.9 мм,2.2 мм,1 419 руб,https://kolvika.ru/product/muassanit-bts-izumrud-190-h-220-mm,,,,,,,,,,,
,1.7 мм,2.1 мм,1 081 руб,https://kolvika.ru/product/muassanit-bts-izumrud-170-h-210-mm,,,,,,,,,,,
,2.6 мм,2.9 мм,3 037 руб,https://kolvika.ru/product/muassanit-bts-izumrud-260-h-290-mm,,,,,,,,,,,
,2.5 мм,2.7 мм,1 958 руб,https://kolvika.ru/product/muassanit-bts-izumrud-250-h-270-mm,,,,,,,,,,,
,2.2 мм,2.6 мм,2 160 руб,https://kolvika.ru/product/muassanit-bts-izumrud-220-h-260-mm,,,,,,,,,,,
,2.1 мм,2.4 мм,1 621 руб,https://kolvika.ru/product/muassanit-bts-izumrud-210-h-240-mm,,,,,,,,,,,
,2.6 мм,3.0 мм,3 106 руб,https://kolvika.ru/product/muassanit-bts-izumrud-260-h-300-mm,,,,,,,,,,,
,3.3 мм,4.4 мм,8 235 руб,https://kolvika.ru/product/muassanit-bts-izumrud-330-h-440-mm,,,,,,,,,,,
,2.9 мм,3.9 мм,5 131 руб,https://kolvika.ru/product/muassanit-bts-izumrud-290-h-390-mm,,,,,,,,,,,
,3.6 мм,5.0 мм,11 342 руб,https://kolvika.ru/product/muassanit-bts-izumrud-360-h-500-mm,,,,,,,,,,,
,5.0 мм,7.0 мм,26 596 руб,https://kolvika.ru/product/muassanit-bts-izumrud-500-h-700-mm,,,,,,,,,,,
Ашер,2.4 мм,2.5 мм,2 160 руб,https://kolvika.ru/product/muassanit-bts-izumrud-asher-240-h-250-mm,,,,,,,,,,,
Ашер,2.4 мм,2.6 мм,2 160 руб,https://kolvika.ru/product/muassanit-bts-izumrud-asher-240-h-260-mm,,,,,,,,,,,
,4.0 мм,6.0 мм,14 175 руб,https://kolvika.ru/product/muassanit-bts-izumrud-400-h-600-mm,,,,,,,,,,,
Ашер,2.45 мм,2.5 мм,2 296 руб,https://kolvika.ru/product/muassanit-bts-izumrud-asher-245-h-250-mm,,,,,,,,,,,
Ашер,3.0 мм,3.1 мм,4 050 руб,https://kolvika.ru/product/muassanit-bts-izumrud-asher-300-h-310-mm,,,,,,,,,,,
Ашер,4.0 мм,4.0 мм,9 450 руб,https://kolvika.ru/product/muassanit-bts-izumrud-asher-400-h-400-mm,,,,,,,,,,,
Трапеция,2.8 мм,3.15 мм,3 646 руб,https://kolvika.ru/product/muassanit-bts-trapetsiya-280-h-315-h-325-mm,,,,,,,,,,,
Трапеция,2.0 мм,3.0 мм,6 167 руб,https://kolvika.ru/product/muassanit-bts-trapetsiya-200-h-300-h-500-mm,,,,,,,,,,,
Кушон,6.1 мм,6.1 мм,31 050 руб,https://kolvika.ru/product/muassanit-bts-kushon-610-h-610-mm,,,,,,,,,,,
Радиант,3.0 мм,3.0 мм,4 321 руб,https://kolvika.ru/product/muassanit-bts-radiant-300-h-300-mm,,,,,,,,,,,
Сердце,6.0 мм,6.0 мм,1 200 руб,https://kolvika.ru/product/topaz-london-serdtse-600-h-600-mm,Полудрагоценный,Топаз Лондон,,Калиброваный,,,,,,,
Фантазийная,27.2 мм,16.6 мм,3 150 руб,https://kolvika.ru/product/kost-dinozavra-razlichnaya-ogranka-2720-h-1660-mm,,Кость динозавра,13.1 ct,,,,,,,,
Радиант,5.0 мм,7.0 мм,29 971 руб,https://kolvika.ru/product/muassanit-bts-radiant-500-h-700-h-400-mm,,,,,,,,,,,
Сердце,4.0 мм,4.0 мм,350 руб,https://kolvika.ru/product/topaz-swiss-serdtse-400-h-400-mm,Полудрагоценный,Топаз Свисс,,Калиброваный,,,,,,,
Круг,10.0 мм,10.0 мм,1 850 руб,https://kolvika.ru/product/ametist-svetlyy-o-1000-mm,Полудрагоценный,Аметист,,Калиброваный,,,,,,,
Багет,2.90 мм,2.14 мм,от13 318 руб,https://kolvika.ru/product/brilliant-baget-34-15-10-151-ct,Драгоценный,Бриллиант,0.1 сt,Штучный,,(N) Не подвергался,,,Имеется сертификат,,
Круг,8.0 мм,8.0 мм,2 600 руб,https://kolvika.ru/product/topaz-swiss-o-800-mm,Полудрагоценный,Топаз Свисс,,Калиброваный,,,,,,,
Круг,7.0 мм,7.0 мм,1 500 руб,https://kolvika.ru/product/topaz-london-o-700-mm,Полудрагоценный,Топаз Лондон,,Калиброваный,,,,,,,
Квадрат,9.0 мм,9.0 мм,1 300 руб,https://kolvika.ru/product/ametist-svetlyy-kvadrat-900-h-900-mm,Полудрагоценный,Аметист,,,Различная,(H) Термическая обработка,,,,,
Фантазийная,17.9 мм,11.3 мм,12 800 руб,https://kolvika.ru/product/opal-fantaziynaya-forma-1790-h-1130-h-600-mm-2,Полудрагоценный,Опал,,Штучный,,,,,,,
Груша,15.6 мм,10.1 мм,14 100 руб,https://kolvika.ru/product/opal-grusha-1560-h-1010-h-630-mm,Полудрагоценный,Опал,,Штучный,,,,,,,
Круг,8.0 мм,8.0 мм,3 000 руб,https://kolvika.ru/product/topaz-london-o-800-mm,Полудрагоценный,Топаз Лондон,,Калиброваный,,,,,,,
Фантазийная,13.5 мм,9.5 мм,9 600 руб,https://kolvika.ru/product/opal-fantaziynaya-forma-1350-h-950-h-500-mm,Полудрагоценный,Опал,,Штучный,,,,,,,
Овал,14.0 мм,9.4 мм,12 800 руб,https://kolvika.ru/product/opal-oval-1400-h-940-h-450-mm,Полудрагоценный,Опал,,Штучный,,,,,,,
Овал,16.6 мм,11.9 мм,123 000 руб,https://kolvika.ru/product/morganit-oval-1660-h-1190-h-820-mm,Полудрагоценный,Морганит,,Штучный,,,,,,,
Груша,9.4 мм,7.0 мм,81 400 руб,https://kolvika.ru/product/tanzanit-grusha-940-h-700-h-590-mm,Полудрагоценный,Танзанит,,Штучный,,,,,,,
Овал,6.1 мм,5.0 мм,12 900 руб,https://kolvika.ru/product/hrizoberill-koshachiy-glaz-oval-610-h-500-h-320-mm,Полудрагоценный,Хризоберилл Кошачий глаз,,Штучный,,,,,,,
Овал,16.5 мм,11.0 мм,27 700 руб,https://kolvika.ru/product/opal-oval-1650-h-1100-h-500-mm,Полудрагоценный,Опал,,Штучный,,,,,,5.0 мм,
Овал,6.6 мм,5.5 мм,19 050 руб,https://kolvika.ru/product/hrizoberill-koshachiy-glaz-oval-660-h-550-h-370-mm,Полудрагоценный,Хризоберилл Кошачий глаз,,Штучный,,,,,,,
Груша,14.8 мм,10.0 мм,28 600 руб,https://kolvika.ru/product/solnechnyy-kamen-para-grusha-1480-h-1000-mm,Полудрагоценный,Солнечный камень,,Парные камни,,,,,,,
Овал,13.8 мм,10.0 мм,62 300 руб,https://kolvika.ru/product/morganit-oval-1380-h-1000-h-660-mm,Полудрагоценный,Морганит,,Штучный,,,,,,,
Сердце,10.0 мм,10.0 мм,8 840 руб,https://kolvika.ru/product/rauhtopaz-serdtse-1000-h-1002-h-610-mm,Полудрагоценный,Раухтопаз (Кварц дымчатый),,Парные камни,,,,,,,
Овал,11.5 мм,9.5 мм,9 750 руб,https://kolvika.ru/product/peridot-oval-1150-h-950-mm,Полудрагоценный,Перидот (Хризолит),,Калиброваный,,,,,,,
,40.5 мм,29.5 мм,34 500 руб,https://kolvika.ru/product/kameya-na-rakovine-4050-h-2950-mm,Полудрагоценный,Камея на раковине,,Штучный,,,,,,,
Триллион,20.0 мм,20.0 мм,44 300 руб,https://kolvika.ru/product/ametist-trillion-2000-h-2000-mm,Полудрагоценный,Аметист,,Штучный,,,,,,,
Фантазийная,34.5 мм,25.5 мм,2 000 руб,https://kolvika.ru/product/serdolik-para-fantaziynaya-forma-3450-h-2550-h-600-mm,,Сердолик,,Парные камни,,,,,,,
Овал,17.0 мм,11.0 мм,4 200 руб,https://kolvika.ru/product/granat-oval-kabashon-1700-h-1100-mm,Полудрагоценный,Гранат,,Штучный,Кабошон,,,,,,
,38.0 мм,26.0 мм,5 000 руб,https://kolvika.ru/product/agat-peyzazhnyy-mohovoy-para-3800-h-2600-h-300-mm,,Агат,,Парные камни,,,,,,,
,50.0 мм,36.0 мм,6 500 руб,https://kolvika.ru/product/agat-peyzazhnyy-mohovoy-5000-h-3600-h-350-mm,,Агат,,Штучный,,,,,,,
,42.5 мм,41.5 мм,5 000 руб,https://kolvika.ru/product/agat-peyzazhnyy-mohovoy-para-4250-h-4150-h350-mm,,Агат,,Парные камни,,,,,,,
,48.0 мм,36.0 мм,6 500 руб,https://kolvika.ru/product/agat-peyzazhnyy-mohovoy-4800-h-3600-h-350-mm,,Агат,,Штучный,,,,,,,
,,,270 руб,https://kolvika.ru/product/ametist-svetlyy-baget-400-h-200-mm,,,,,,,,,,,
Груша,12.0 мм,8.0 мм,5 500 руб,https://kolvika.ru/product/topaz-swiss-grusha-1200-h-800-mm-2,Полудрагоценный,Топаз Свисс,,Калиброваный,,,,,,,
Фантазийная,13.8 мм,14.0 мм,20 500 руб,https://kolvika.ru/product/tsitrin-fantaziynaya-forma-1380-h-1400-h-960-mm,Полудрагоценный,Цитрин,,Штучный,,,,,,,
Квадрат,2.0 мм,2.0 мм,50 руб,https://kolvika.ru/product/rauhtopaz-kvadrat-200-h-200-mm,Полудрагоценный,Раухтопаз (Кварц дымчатый),,Калиброваный,,,,,,,
,,,80 руб,https://kolvika.ru/product/ametist-svetlyy-o-275-mm,,,,,,,,,,,
Сердце,10.0 мм,10.0 мм,2 300 руб,https://kolvika.ru/product/tsitrin-serdtse-1000-h-1000-mm,Полудрагоценный,Цитрин,2.9 ct,Калиброваный,Модифицированная,(H) Термическая обработка,,,,,
Октагон,10.0 мм,8.0 мм,2 000 руб,https://kolvika.ru/product/tsitrin-oktagon-1000-h-800-mm,,Цитрин,2.8 ct,Калиброваный,,(H) Термическая обработка,Бразилия,,,,
Сердце,11.65 мм,12.2 мм,338 580 руб,https://kolvika.ru/product/akvamarin-santa-mariya-serdtse-1165-x-1223-x-697-mm,Полудрагоценный,Аквамарин,5.1 ct,Штучный,Модифицированная,(N) Не подвергался,,,Имеется сертификат,6.97 мм,
Круг,3.0 мм,3.0 мм,6 080 руб,https://kolvika.ru/product/granat-so-smenoy-tsveta-o-300-mm,Полудрагоценный,Гранат со сменой цвета,0.15 ct,Калиброваный,Модифицированная,(N) Не подвергался,,,,,
Круг,7.2 мм,7.2 мм,20 645 руб,https://kolvika.ru/product/andezin-o-720-h-720-mm,Полудрагоценный,Андезит,1.38 ct,Штучный,Модифицированная,(H) Термическая обработка,,,,,
Трапеция,16.6 мм,14.6 мм,53 070 руб,https://kolvika.ru/product/ametrin-trapetsiya-166-h-146-h-980-mm,Полудрагоценный,Аметрин,17.2 ct,Штучный,Ступенчатая,(N) Не подвергался,Боливия,"Незначительные включения, видимые невооруженным глазом",,9.8 мм,
Кушон,12.2 мм,10.0 мм,8 260 руб,https://kolvika.ru/product/rozovyy-kvarts-kushon-1220-x-1000-h-830-mm,Полудрагоценный,Кварц,6.26 ct,Штучный,Шахматная,(N) Не подвергался,,,,,
,21.0 мм,13.9 мм,51 805 руб,https://kolvika.ru/product/ametrin-trapetsiya-2100-h-1390-h-890-mm,Полудрагоценный,Аметрин,16.8 ct,Штучный,Ступенчатая,(N) Не подвергался,Боливия,,,8.9 мм,
Овал,18.9 мм,14.0 мм,13 770 руб,https://kolvika.ru/product/rozovyy-kvarts-oval-1890-x-1400-h-840-mm,Полудрагоценный,Кварц,,Штучный,Модифицированная,(N) Не подвергался,,,,,
Овал,18.0 мм,13.0 мм,16 550 руб,https://kolvika.ru/product/rozovyy-kvarts-oval-1800-x-1300-h-1000-mm,Полудрагоценный,,12.5 ct,Штучный,Шахматная,(N) Не подвергался,,,,,
Овал,21.0 мм,16.2 мм,33 080 руб,https://kolvika.ru/product/kvarts-volosatik-turmalinovyy-oval-2100-x-1620-h-990-mm,Полудрагоценный,Кварц,25.06 ct,Штучный,Кабошон,(N) Не подвергался,,,,,
Круг,16.0 мм,16.0 мм,17 370 руб,https://kolvika.ru/product/kvarts-volosatik-turmalinovyy-o-1600-x-1600-h-770-mm,Полудрагоценный,Кварц,13.16 ct,Штучный,Кабошон,(N) Не подвергался,,,,,
Круг,19.6 мм,19.6 мм,101 860 руб,https://kolvika.ru/product/kvarts-volosatik-rutilovyy-o-1960-x-1960-h-1130-mm,Полудрагоценный,Кварц,33.0 ct,Штучный,Кабошон,(N) Не подвергался,,,,,
Круг,19.2 мм,19.2 мм,97 975 руб,https://kolvika.ru/product/kvarts-volosatik-rutilovyy-o-1920-x-1920-h-1210-mm,Полудрагоценный,Кварц,31.8 ct,Штучный,Кабошон,(N) Не подвергался,,,,,
Круг,14.0 мм,14.0 мм,36 620 руб,https://kolvika.ru/product/kvarts-volosatik-rutilovyy-o-1400-x-1400-h-850-mm,Полудрагоценный,Кварц,11.8 ct,Штучный,Кабошон,(N) Не подвергался,,,,,
Круг,15.0 мм,15.0 мм,51 500 руб,https://kolvika.ru/product/kvarts-volosatik-rutilovyy-o-1500-x-1500-h-1020-mm,Полудрагоценный,Кварц,16.7 ct,Штучный,Кабошон,(N) Не подвергался,,,,,
Круг,13.1 мм,13.1 мм,32 895 руб,https://kolvika.ru/product/kvarts-volosatik-rutilovyy-o-1310-x-1310-h-890-mm,Полудрагоценный,Кварц,10.68 ct,Штучный,Кабошон,(N) Не подвергался,,,,,
Овал,12.1 мм,10.1 мм,12 120 руб,https://kolvika.ru/product/zemlyanichnyy-kvarts-oval-1210-x-1010-h-600-mm,Полудрагоценный,Кварц,,Штучный,Кабошон,(N) Не подвергался,,,,,
Круг,8.6 мм,8.6 мм,11 090 руб,https://kolvika.ru/product/kvarts-volosatik-rutilovyy-o-860-x-860-h-620-mm,Полудрагоценный,Кварц,3.6 ct,Штучный,Кабошон,(N) Не подвергался,,,,,
Круг,13.1 мм,13.1 мм,19 845 руб,https://kolvika.ru/product/kvarts-zemlyanichnyy-kabashon-o-1310-x-1310-h-680-mm,Полудрагоценный,Кварц,9.0 ct,Штучный,Кабошон,(N) Не подвергался,Мадагаскар,,,,
Круг,9.0 мм,9.0 мм,6 380 руб,https://kolvika.ru/product/zemlyanichnyy-kvarts-o-900-x-900-h490-mm,Полудрагоценный,Кварц,2.9 ct,Штучный,Кабошон,(N) Не подвергался,,,,,
Овал,11.0 мм,9.0 мм,9 305 руб,https://kolvika.ru/product/zemlyanichnyy-kvarts-oval-1100-x-900-h-570-mm,Полудрагоценный,Кварц,4.2 ct,Штучный,Кабошон,(N) Не подвергался,,,,,
Овал,11.1 мм,9.0 мм,8 230 руб,https://kolvika.ru/product/zemlyanichnyy-kvarts-oval-1110-x-900-h-510-mm,Полудрагоценный,Кварц,3.7 ct,Штучный,Кабошон,(N) Не подвергался,,,,,
Круг,15.3 мм,15.3 мм,31 680 руб,https://kolvika.ru/product/kvarts-zemlyanichnyy-o-1530-x-1530-h-820-mm,Полудрагоценный,Кварц,14.4 ct,Штучный,Кабошон,(N) Не подвергался,,,,,
Овал,13.3 мм,11.5 мм,14 850 руб,https://kolvika.ru/product/zemlyanichnyy-kvarts-oval-1330-x-1150-h-610-mm,Полудрагоценный,Кварц,6.7 ct,Штучный,Кабошон,(N) Не подвергался,,,,,
Овал,8.1 мм,6.1 мм,3 630 руб,https://kolvika.ru/product/zemlyanichnyy-kvarts-oval-810-x-610-h-450-mm,Полудрагоценный,Кварц,1.65 ct,Штучный,Кабошон,(N) Не подвергался,,,,,
Овал,11.3 мм,9.1 мм,10 405 руб,https://kolvika.ru/product/zemlyanichnyy-kvarts-oval-1130-x-910-h-600-mm,Полудрагоценный,Кварц,4.7 ct,Штучный,Кабошон,(N) Не подвергался,,,,,
Овал,11.2 мм,9.2 мм,10 000 руб,https://kolvika.ru/product/zemlyanichnyy-kvarts-oval-1120-x-920-h-610-mm,Полудрагоценный,Кварц,4.5 ct,Штучный,Кабошон,(N) Не подвергался,,,,,
Круг,21.1 мм,21.1 мм,58 740 руб,https://kolvika.ru/product/kvarts-limonnyy-o-2110-x-2110-h-1310-mm,Полудрагоценный,Кварц,44.5 ct,Штучный,Кабошон,(N) Не подвергался,,,,,
Груша,28.2 мм,18.4 мм,44 550 руб,https://kolvika.ru/product/kvarts-peyzazhnyy-grusha-2820-x-1840-h-980-mm,Полудрагоценный,Кварц,33.75 ct,Штучный,Кабошон,(N) Не подвергался,,,,,
Овал,24.0 мм,20.4 мм,47 585 руб,https://kolvika.ru/product/kvarts-peyzazhnyy-oval-2400-x-2040-h-1000-mm,Полудрагоценный,Кварц,33.05 ct,Штучный,Кабошон,(N) Не подвергался,,,,,
Круг,21.1 мм,21.1 мм,57 180 руб,https://kolvika.ru/product/kvarts-limonnyy-o-2110-x-2110-h-1330-mm,Полудрагоценный,Кварц,43.32 ct,Штучный,Кабошон,(N) Не подвергался,,,,,
Овал,13.0 мм,9.2 мм,15 150 руб,https://kolvika.ru/product/opal-oval-kaboshon-1300-x-920-h-510-mm,Полудрагоценный,Опал,2.8 ct,Штучный,Кабошон,(N) Не подвергался,,,,5.1 мм,
Круг,21.1 мм,21.1 мм,59 650 руб,https://kolvika.ru/product/kvarts-limonnyy-o-2110-x-2110-h-1370-mm,Полудрагоценный,Кварц,45.19 ct,Штучный,Кабошон,(N) Не подвергался,,,,,
Овал,12.2 мм,10.5 мм,16 840 руб,https://kolvika.ru/product/opal-oval-kaboshon-1220-x-1050-h-600-mm,Полудрагоценный,Опал,3.1 ct,Штучный,Кабошон,(N) Не подвергался,,,,6.0 мм,
Груша,22.1 мм,18.8 мм,152 010 руб,https://kolvika.ru/product/opal-grusha-kaboshon-2220-x-1980-h-870-mm,Полудрагоценный,Опал,16.5 ct,Штучный,Кабошон,(N) Не подвергался,,,Имеется сертификат,8.7 мм,
Овал,19.6 мм,18.1 мм,162 890 руб,https://kolvika.ru/product/opal-oval-kaboshon-1960-x-1810-h-740-mm,Полудрагоценный,Опал,12.3 ct,Штучный,Кабошон,(N) Не подвергался,,,,7.4 мм,
Груша,16.2 мм,11.7 мм,41 350 руб,https://kolvika.ru/product/opal-grusha-kaboshon-1620-x-1170-h-680-mm,Полудрагоценный,Опал,5.8 ct,Штучный,Кабошон,(N) Не подвергался,,,,6.8 мм,
Овал,17.0 мм,12.8 мм,159 720 руб,https://kolvika.ru/product/morganit-oval-1700-x-1280-h-960-mm,Полудрагоценный,Морганит,12.1 ct,Штучный,Клиньевая,(N) Не подвергался,,,,9.6 мм,
Кушон,16.2 мм,10.4 мм,30 340 руб,https://kolvika.ru/product/opal-kushon-kaboshon-1620-x-1040-h-470-mm,Полудрагоценный,Опал,4.3 ct,Штучный,Кабошон,(N) Не подвергался,,,,4.7 мм,
Овал,14.7 мм,11.5 мм,39 980 руб,https://kolvika.ru/product/opal-oval-kaboshon-1470-x-1150-h-680-mm,Полудрагоценный,Опал,5.6 ct,Штучный,Кабошон,(N) Не подвергался,,,,6.8 мм,
,14.1 мм,12.0 мм,34 640 руб,https://kolvika.ru/product/opal-oval-kaboshon-1410-x-1200-h-1180-mm,Полудрагоценный,Опал,4.9 ct,Штучный,Кабошон,(N) Не подвергался,,,,11.8 мм,
Овал,16.2 мм,11.4 мм,37 380 руб,https://kolvika.ru/product/opal-oval-kaboshon-1620-x-1140-h-610-mm,Полудрагоценный,Опал,5.3 ct,Штучный,Кабошон,(N) Не подвергался,,,,6.1 мм,
Овал,14.0 мм,11.7 мм,33 440 руб,https://kolvika.ru/product/opal-oval-kaboshon-1400-x-1170-h-620-mm,Полудрагоценный,Опал,4.7 ct,Штучный,Кабошон,(N) Не подвергался,,,,6.2 мм,
Овал,14.7 мм,12.1 мм,28 935 руб,https://kolvika.ru/product/opal-oval-kaboshon-1470-x-1210-h-450-mm,Полудрагоценный,Опал,,Штучный,Кабошон,(N) Не подвергался,,,,4.5 мм,
Груша,16.1 мм,11.3 мм,39 920 руб,https://kolvika.ru/product/opal-grusha-kaboshon-1610-x-1130-h-720-mm,Полудрагоценный,Опал,5.6 ct,Штучный,Кабошон,(N) Не подвергался,,,,7.2 мм,
Груша,15.4 мм,11.0 мм,32 950 руб,https://kolvika.ru/product/opal-grusha-kaboshon-1540-x-1100-h-1130-mm,Полудрагоценный,Опал,4.6 ct,Штучный,Кабошон,(N) Не подвергался,,,,,
Овал,16.0 мм,12.7 мм,35 410 руб,https://kolvika.ru/product/opal-oval-kaboshon-1600-x-1270-h-610-mm,Полудрагоценный,Опал,,Штучный,Кабошон,(N) Не подвергался,,,,6.1 мм,
Кушон,10.5 мм,10.5 мм,71 280 руб,https://kolvika.ru/product/opal-kushon-saharnaya-golova-1050-x-1050-h-930-mm,Полудрагоценный,Опал,,Штучный,Сахарная голова,(N) Не подвергался,,,,9.3 мм,
Кушон,14.1 мм,14.1 мм,145 730 руб,https://kolvika.ru/product/opal-kushon-saharnaya-golova-1410-x-1410-h-910-mm,Полудрагоценный,Опал,9.2 ct,Штучный,Сахарная голова,(N) Не подвергался,,,,9.1 мм,
Овал,14.2 мм,10.1 мм,19 170 руб,https://kolvika.ru/product/opal-oval-kaboshon-1420-x-1010-h-530-mm,Полудрагоценный,Опал,,Штучный,Кабошон,(N) Не подвергался,,,,5.3 мм,
Овал,12.2 мм,9.9 мм,187 320 руб,https://kolvika.ru/product/opal-oval-kaboshon-1220-x-990-h-560-mm,Полудрагоценный,Опал,3.4 ct,Штучный,Кабошон,(N) Не подвергался,,,,5.6 мм,
Овал,14.5 мм,11.7 мм,26 610 руб,https://kolvika.ru/product/opal-oval-kaboshon-1450-x-1170-h-580-mm,Полудрагоценный,Опал,5.0 ct,Штучный,Кабошон,(N) Не подвергался,,,,5.8 мм,
Овал,14.0 мм,11.1 мм,28 250 руб,https://kolvika.ru/product/opal-oval-kaboshon-1400-x-1110-h-680-mm,Полудрагоценный,Опал,5.3 ct,Штучный,Кабошон,(N) Не подвергался,,,,,
Груша,17.0 мм,10.1 мм,17 265 руб,https://kolvika.ru/product/opal-grusha-kaboshon-1700-x-1010-h-480-mm,Полудрагоценный,Опал,3.2 ct,Штучный,Кабошон,(N) Не подвергался,,,,,
Овал,13.0 мм,11.1 мм,16 630 руб,https://kolvika.ru/product/opal-oval-kaboshon-1300-x-1110-h-500-mm,Полудрагоценный,Опал,3.1 ct,Штучный,Кабошон,(N) Не подвергался,,,,5.0 мм,
Овал,12.3 мм,10.0 мм,16 315 руб,https://kolvika.ru/product/opal-oval-kaboshon-1230-x-1000-h-510-mm,Полудрагоценный,Опал,3.0 ct,Штучный,Кабошон,(N) Не подвергался,,,,5.1 мм,
Груша,20.1 мм,10.5 мм,32 370 руб,https://kolvika.ru/product/opal-grusha-kaboshon-2010-x-1050-h-620-mm,Полудрагоценный,Опал,6.1 ct,Штучный,Кабошон,(N) Не подвергался,,,,6.2 мм,
Овал,14.0 мм,11.6 мм,25 080 руб,https://kolvika.ru/product/opal-oval-kaboshon-1400-x-1160-h-590-mm,Полудрагоценный,Опал,4.7 ct,Штучный,Кабошон,(N) Не подвергался,,,,,
Круг,5.0 мм,5.0 мм,2 000 руб,https://kolvika.ru/product/opal-kaboshon-o-500-mm,Полудрагоценный,Опал,0.3 ct,Штучный,Кабошон,(N) Не подвергался,,,,,
Овал,13.3 мм,10.1 мм,19 060 руб,https://kolvika.ru/product/opal-oval-kaboshon-1330-x-1010-h-510-mm,Полудрагоценный,Опал,3.6 ct,Штучный,Кабошон,(N) Не подвергался,,,,5.1 мм,
Круг,13.7 мм,13.8 мм,28 300 руб,https://kolvika.ru/product/opal-kaboshon-o-1370-x-1380-h-670-mm,Полудрагоценный,Опал,5.3 ct,Штучный,Кабошон,(N) Не подвергался,,,,6.7 мм,
Овал,14.4 мм,11.7 мм,51 170 руб,https://kolvika.ru/product/kuntsit-oval-1440-h-1170-h-980-mm,Полудрагоценный,Кунцит,11.6 ct,Штучный,Португальская,(N) Не подвергался,,,,,
Фантазийная,12.0 мм,11.8 мм,6 140 руб,https://kolvika.ru/product/rozovyy-kvarts-fantaziya-1200-x-1180-h-720-mm,Полудрагоценный,Кварц,4.6 ct,Штучный,Модифицированная,(N) Не подвергался,,,,,
Круг,13.4 мм,13.4 мм,51 350 руб,https://kolvika.ru/product/kuntsit-o-1340-h-1340-h-940-mm,Полудрагоценный,Кунцит,11.6 ct,Штучный,Португальская,(N) Не подвергался,,,,,
Овал,24.9 мм,20.4 мм,59 400 руб,https://kolvika.ru/product/rozovyy-kvarts-oval-2490-x-2040-h-1250-mm,Полудрагоценный,Кварц,45 ct,Штучный,Кабошон,(N) Не подвергался,,,,,
Фантазийная,12.6 мм,12.6 мм,8 450 руб,https://kolvika.ru/product/rozovyy-kvarts-fantaziya-1260-x-1260-h-830-mm,Полудрагоценный,Кварц,6.4 ct,Штучный,Шахматная,(N) Не подвергался,,,,,
Овал,20.1 мм,15.1 мм,17 815 руб,https://kolvika.ru/product/kianit-oval-2010-h-1510-h-510-mm,Полудрагоценный,Кианит,16.87 ct,Штучный,Кабошон,(N) Не подвергался,,,,,
Овал,20.1 мм,15.1 мм,17 930 руб,https://kolvika.ru/product/kianit-oval-2010-h-1510-h-510-mm-2,Полудрагоценный,Кианит,16.98 ct,Штучный,Кабошон,(N) Не подвергался,,,,,
Овал,23.0 мм,19.5 мм,49 400 руб,https://kolvika.ru/product/rozovyy-kvarts-oval-2300-x-1950-h-1150-mm,Полудрагоценный,Кварц,37.43 ct,Штучный,Кабошон,(N) Не подвергался,,,,,
Овал,11.0 мм,8.8 мм,55 350 руб,https://kolvika.ru/product/lunnyy-kamen-kaboshon-oval-1100-x-880-h-560-mm,Полудрагоценный,Лунный камень,3.9 ct,Штучный,Кабошон,(N) Не подвергался,,,,,
,,,21 470 руб,https://kolvika.ru/product/lunnyy-kamen-kaboshon-oval-980-x-790-h-460-mm,,,,,,,,,,,
Груша,14.0 мм,6.9 мм,83 780 руб,https://kolvika.ru/product/morganit-grusha-1400-h-690-h-490-mm,Полудрагоценный,Морганит,2.3 ct,Штучный,Модифицированная,(N) Не подвергался,,,,4.9 мм,
Овал,11.8 мм,9.1 мм,210 670 руб,https://kolvika.ru/product/spessartin-mandarin-oval-1181-x-916-h-597-mm,Полудрагоценный,Спессартин гранат,5.3 ct,Штучный,Модифицированная,(N) Не подвергался,,,Имеется сертификат,5.9 мм,
Октагон,15.6 мм,6.3 мм,307 825 руб,https://kolvika.ru/product/turmalin-arbuznyy-oktagon-1568-x-637-h-560-mm,Полудрагоценный,Турмалин,5.8 ct,Штучный,Ступенчатая,(N) Не подвергался,,,Имеется сертификат,5.6 мм,
Сердце,9.1 мм,10.5 мм,234 960 руб,https://kolvika.ru/product/rubellit-serdtse-916-h-1050-h-454,Полудрагоценный,Рубеллит,2.6 ct,Штучный,Цейлонская,(N) Не подвергался,,,Имеется сертификат,4.5 мм,
Сердце,9.0 мм,10.4 мм,249 040 руб,https://kolvika.ru/product/rubellit-serdtse-906-h-1041-h-484,Полудрагоценный,Рубеллит,2.8 ct,Штучный,Цейлонская,(N) Не подвергался,,,Имеется сертификат,4.8 мм,
Фантазийная,29.0 мм,14.0 мм,17 285 руб,https://kolvika.ru/product/turmalin-babochka-fantaziya-2900-h-1400-h-300-mm,Полудрагоценный,Турмалин,4.9 ct,Штучный,,(N) Не подвергался,,,,3.0 мм,
Фантазийная,21.0 мм,10.0 мм,16 440 руб,https://kolvika.ru/product/turmalin-babochka-fantaziya-2100-h-1000-h-300-mm,Полудрагоценный,Турмалин,4.6 ct,Штучный,,(N) Не подвергался,,,,3.0 мм,
Фантазийная,31.0 мм,15.0 мм,37 170 руб,https://kolvika.ru/product/turmalin-babochka-fantaziya-3100-h-1500-h-300-mm,Полудрагоценный,Турмалин,10.5 ct,Штучный,,(N) Не подвергался,,,,3.0 мм,
Круг,8.9 мм,9.0 мм,8 980 руб,https://kolvika.ru/product/opal-kaboshon-o-890-x-900-h-500-mm,Полудрагоценный,Опал,1.7 ct,Штучный,Кабошон,(N) Не подвергался,,,,5.0 мм,
Фантазийная,37.0,18.0 мм,48 260 руб,https://kolvika.ru/product/turmalin-babochka-fantaziya-3700-h-1800-h-300-mm,Полудрагоценный,Турмалин,13.7,Штучный,,(N) Не подвергался,,,,3.0 мм,
Фантазийная,34.0 мм,16.0 мм,33 650 руб,https://kolvika.ru/product/turmalin-babochka-fantaziya-3400-h-1600-h-200-mm,Полудрагоценный,Турмалин,9.5 ct,Штучный,,(N) Не подвергался,,,,2.0 мм,
Овал,11.0 мм,9.1 мм,10 825 руб,https://kolvika.ru/product/opal-oval-kaboshon-1100-x-910-h-400-mm,Полудрагоценный,Опал,2.0 ct,Штучный,Кабошон,(N) Не подвергался,,,,4.0 мм,
Круг,8.5 мм,8.5 мм,7 870 руб,https://kolvika.ru/product/opal-kaboshon-o-850-x-850-h-440-mm,Полудрагоценный,Опал,1.4 ct,Штучный,Кабошон,(N) Не подвергался,,,,4.4 мм,
Круг,9.4 мм,9.3 мм,10 085 руб,https://kolvika.ru/product/opal-kaboshon-o-940-x-930-h-480-mm,Полудрагоценный,Опал,1.9 ct,Штучный,Кабошон,(N) Не подвергался,,,,4.8 мм,
Овал,16.8 мм,12.7 мм,72 500 руб,https://kolvika.ru/product/opal-oval-kaboshon-1681-x-1207-h-843-mm,Полудрагоценный,Опал,7.4 ct,Штучный,Кабошон,(N) Не подвергался,,,Имеется сертификат,8.4 мм,
Круг,11.4 мм,11.4 мм,18 480 руб,https://kolvika.ru/product/opal-kaboshon-o-1140-x-1140-h-560-mm,Полудрагоценный,Опал,,Штучный,Кабошон,(N) Не подвергался,,,,5.6 мм,
Груша,17.0 мм,9.9 мм,21 440 руб,https://kolvika.ru/product/opal-grusha-kaboshon-1700-x-990-h-520-mm,Полудрагоценный,Опал,4.0 ct,Штучный,Кабошон,(N) Не подвергался,,,,5.2 мм,
Груша,17.3 мм,11.0 мм,56 050 руб,https://kolvika.ru/product/opal-grusha-kaboshon-1734-x-1107-h-753-mm,Полудрагоценный,Опал,5.7 ct,Штучный,Кабошон,(N) Не подвергался,,,Имеется сертификат,7.5 мм,
Овал,7.9 мм,7.1 мм,321 550 руб,https://kolvika.ru/product/shpinel-oval-794-h-716-h-499-mm,Полудрагоценный,Шпинель,2.0 ct,Штучный,Цейлонская,(N) Не подвергался,,,Имеется сертификат,,
Круг,9.9 мм,9.8 мм,22 360 руб,https://kolvika.ru/product/turmalin-koshachiy-glaz-o-990-h-980-h-590-mm,Полудрагоценный,Турмалин,4.6 ct,Штучный,Кабошон,(N) Не подвергался,,,,5.9 мм,
Овал,11.1 мм,9.1 мм,21 250 руб,https://kolvika.ru/product/turmalin-koshachiy-glaz-oval-1110-h-910-h-500-mm,Полудрагоценный,Турмалин,4.3 ct,Штучный,Кабошон,(N) Не подвергался,,,,5.0 мм,
Овал,9.0 мм,8.2 мм,16 505 руб,https://kolvika.ru/product/turmalin-koshachiy-glaz-oval-900-h-820-h-580-mm,Полудрагоценный,Турмалин,4.3 ct,Штучный,Кабошон,(N) Не подвергался,,,,5.8 мм,
Груша,24.7 мм,13.9 мм,87 800 руб,https://kolvika.ru/product/opal-grusha-kaboshon-2479-x-1395-h-729-mm,Полудрагоценный,Опал,9.0 ct,Штучный,Кабошон,(N) Не подвергался,,,Имеется сертификат,7.2 мм,
Круг,6.5 мм,6.5 мм,56 890 руб,https://kolvika.ru/product/tanzanit-o-650-mm,Полудрагоценный,Танзанит,1.0 ct,Калиброваный,Модифицированная,(H) Термическая обработка,,,,,
Овал,11.0 мм,8.2 мм,172 130 руб,https://kolvika.ru/product/tanzanit-oval-1102-h-820-h-547-mm,Полудрагоценный,Танзанит,3.2 ct,Штучный,Модифицированная,(H) Термическая обработка,,,Имеется сертификат,,
Овал,8.0 мм,5.9 мм,71 280 руб,https://kolvika.ru/product/tanzanit-oval-800-h-590-h-390-mm,Полудрагоценный,Танзанит,1.7 ct,Штучный,Модифицированная,(H) Термическая обработка,,,,3.9 мм,
Овал,8.9 мм,5.9 мм,61 250 руб,https://kolvika.ru/product/tanzanit-oval-890-h-590-h-350-mm,Полудрагоценный,Танзанит,1.1 ct,Штучный,Модифицированная,(H) Термическая обработка,,,,,
Овал,8.1 мм,6.1 мм,80 260 руб,https://kolvika.ru/product/tanzanit-oval-810-h-610-h-430-mm,Полудрагоценный,Танзанит,1.5 ct,Штучный,Модифицированная,(H) Термическая обработка,,,,4.3 мм,
Октагон,8.0 мм,6.1 мм,84 040 руб,https://kolvika.ru/product/tanzanit-oktagon-800-h-610-h-400-mm,Полудрагоценный,Танзанит,1.9 ct,Штучный,Ступенчатая,(H) Термическая обработка,,,,4.0 мм,
Октагон,8.1 мм,5.8 мм,72 600 руб,https://kolvika.ru/product/tanzanit-oktagon-810-h-580-h-390-mm,Полудрагоценный,Танзанит,1.6 ct,Штучный,Модифицированная,(H) Термическая обработка,,,,3.9 мм,
Овал,9.0 мм,7.1 мм,80 960 руб,https://kolvika.ru/product/tanzanit-oval-900-h-710-h-420-mm,Полудрагоценный,Танзанит,1.8 ct,Штучный,Модифицированная,(H) Термическая обработка,,,,4.2 мм,
Овал,8.9 мм,6.1 мм,80 260 руб,https://kolvika.ru/product/tanzanit-oval-890-h-610-h-440-mm,Полудрагоценный,Танзанит,1.5 ct,Штучный,Модифицированная,(H) Термическая обработка,,,,4.4 мм,
Триллион,7.5 мм,7.4 мм,83 950 руб,https://kolvika.ru/product/tanzanit-trillion-751-h-740-h-483-mm,Полудрагоценный,Танзанит,1.5 ct,Штучный,Модифицированная,(H) Термическая обработка,,,,4.8 мм,
Овал,8.9 мм,7.0 мм,73 040 руб,https://kolvika.ru/product/tanzanit-oval-890-h-700-h-380-mm,Полудрагоценный,Танзанит,1.6 ct,Штучный,Модифицированная,(H) Термическая обработка,,,,,
Овал,9.0 мм,7.0 мм,77 880 руб,https://kolvika.ru/product/tanzanit-oval-900-h-700-h-370-mm,Полудрагоценный,Танзанит,1.7 ct,Штучный,Модифицированная,(H) Термическая обработка,,,,3.7 мм,
Круг,4.0 мм,4.0 мм,177 670 руб,https://kolvika.ru/product/sapfir-raduga-komplekt-o-400-h-400-mm,Полудрагоценный,Сапфир,,Комплект,Бриллиантовая,(H) Термическая обработка,,,,,
Сердце,12.0 мм,12.0 мм,7 000 руб,https://kolvika.ru/product/topaz-sky-serdtse-1200-mm,Полудрагоценный,Топаз Скай,7.6 ct,Калиброваный,Модифицированная,(G) Облучение,,,,,
Круг,5.0 мм,5.0 мм,4 590 руб,https://kolvika.ru/product/morganit-o-500-mm,Полудрагоценный,Морганит,0.4 ct,Калиброваный,Бриллиантовая,(N) Не подвергался,Мадагаскар,,,,
Груша,10.0 мм,7.0 мм,1 700 руб,https://kolvika.ru/product/granat-grusha-1000-h-700-mm,Полудрагоценный,Гранат,,,Различная,(N) Не подвергался,Южная Америка,,,,
Принцесса,4.0 мм,4.0 мм,386 760 руб,https://kolvika.ru/product/sapfir-raduga-komplekt-printsessa-400-h-400-mm-2,Полудрагоценный,Сапфир,,Комплект,Бриллиантовая,(H) Термическая обработка,,,,,
Круг,2.75 мм,2.75 мм,70 руб,https://kolvika.ru/product/rauhtopaz-o-275-mm,,Раухтопаз (Кварц дымчатый),0.08 ct,Калиброваный,Бриллиантовая,(H) Термическая обработка,,,,,
,,,600 руб,https://kolvika.ru/product/rauhtopaz-serdtse-900-h-900-mm,,,,,,,,,,,
Триллион,7.0 мм,7.0 мм,2 100 руб,https://kolvika.ru/product/peridot-trillion-700-h-700-mm,Полудрагоценный,Перидот (Хризолит),1.2 ct,Калиброваный,Различная,(N) Не подвергался,,,,,
Груша,7.0 мм,5.0 мм,17 520 руб,https://kolvika.ru/product/morganit-grusha-700-h-500-mm,Полудрагоценный,Морганит,0.5 ct,Калиброваный,Модифицированная,(N) Не подвергался,Мадагаскар,,,,
Груша,4.0 мм,2.5 мм,15 871 руб,https://kolvika.ru/product/laboratornye-brillianty-g-56-400-h-256-mm-defvs,,Ограненный синтетический алмаз,,,,,,,,,
Груша,4.0 мм,2.8 мм,15 871 руб,https://kolvika.ru/product/laboratornye-brillianty-g-56-400-h-287-mm-defvs,,Ограненный синтетический алмаз,,,,,,,,,
Круг,4.7 мм,4.7 мм,203 800 руб,https://kolvika.ru/product/brilliant-kr-57-o-480-mm-45-042-ct-o-477-mm-36-042-ct,Драгоценный,,0.8 ct,Парные камни,Кр-57,(N) Не подвергался,,,Имеется сертификат,,
Маркиз,4.5 мм,2.35 мм,10 581 руб,https://kolvika.ru/product/laboratornye-brillianty-m-55-450-h-235-mm-defvs,,Ограненный синтетический алмаз,,,,,,,,,
,,,1 600 руб,https://kolvika.ru/product/gornyy-hrustal-serdtse-1000-h-1000-mm,,,,,,,,,,,
Овал,11.1 мм,9.9 мм,25 400 руб,https://kolvika.ru/product/gessonit-oval-1110-h-990-h-540-mm,Полудрагоценный,Гессонит,5.0 ct,Штучный,Цейлонская,(N) Не подвергался,,,,,
Груша,8.0 мм,6.0 мм,450 руб,https://kolvika.ru/product/granat-grusha-800-h-600-mm-2,Полудрагоценный,Гранат,1.2 ct,Калиброваный,Различная,(N) Не подвергался,,,,,
Круг,1.75 мм,1.75 мм,65 руб,https://kolvika.ru/product/rauhtopaz-o-175-mm,Полудрагоценный,Раухтопаз (Кварц дымчатый),0.02 ct,Калиброваный,Бриллиантовая,(N) Не подвергался,,,,,
Сердце,7.1 мм,8.0 мм,65 100 руб,https://kolvika.ru/product/spessartin-serdtse-710-x-800-h-460-mm,Полудрагоценный,Спессартин гранат,2.1 ct,Штучный,Модифицированная,(N) Не подвергался,,,,,
Овал,10.9 мм,9.7 мм,27 100 руб,https://kolvika.ru/product/gessonit-oval-1090-h-970-h-640-mm,Полудрагоценный,Гессонит,5.4 ct,Штучный,Цейлонская,(N) Не подвергался,,,,,
Овал,12.0 мм,16.0 мм,250 руб,https://kolvika.ru/product/agat-krasnyy-oval-1200-h-1600-mm,Поделочный,Агат,8.0 ct,Штучный,Кабошон,(N) Не подвергался,,,,,
Овал,17.7 мм,13.3 мм,14 700 руб,https://kolvika.ru/product/ammolit-oval-1770-mm-h-1330-h-360-mm,Полудрагоценный,Аммолит,10.0 ct,Штучный,,,,,,,
Фантазийная,16.9 мм,9.9 мм,9 950 руб,https://kolvika.ru/product/ammolit-fantaziynaya-forma-1690-h-990-h-320-mm,Полудрагоценный,Аммолит,6.8 ct,Штучный,,,,,,,
Овал,26.4 мм,19.2 мм,260 300 руб,https://kolvika.ru/product/opal-chernyy-oval-2640-h-1920-h-1420-mm,Полудрагоценный,Опал,34.7 ct,Штучный,Кабошон,Присутствуют следы облагораживания,,,,,
Овал,32.9 мм,21.6 мм,203 400 руб,https://kolvika.ru/product/opal-chernyy-oval-3290-h-2160-h-780-mm,Полудрагоценный,Опал,27.1 ct,Штучный,Кабошон,Присутствуют следы облагораживания,,,,,
Кушон,26.5 мм,25.8 мм,351 800 руб,https://kolvika.ru/product/opal-chernyy-kushon-2650-h-2580-h-1390-mm,Полудрагоценный,Опал,46.9 ct,Штучный,Кабошон,Присутствуют следы облагораживания,,,,,
Круг,1.0 мм,1.0 мм,75 573 руб,https://kolvika.ru/product/brilliant-partiya-100-sht-o-100-mm-2,Драгоценный,Бриллиант,,Партия,,,,,,,
Круг,1.25 мм,1.25 мм,132 343 руб,https://kolvika.ru/product/brilliant-partiya-100-sht-o-125-mm-2,Драгоценный,Бриллиант,,Партия,,,,,,,
Круг,3.0 мм,3.0 мм,63 348 руб,https://kolvika.ru/product/brilliant-partiya-3-sht-o-300-mm-2,Драгоценный,Бриллиант,,Партия,,,,,,,
Круг,2.75 мм,2.75 мм,160 000 руб,https://kolvika.ru/product/brilliant-partiya-10-sht-o-275-mm-2,Драгоценный,Бриллиант,,,,,,,,,
Груша,7.0 мм,4.2 мм,38 600 руб,https://kolvika.ru/product/laboratornyy-brilliant-grusha-dvs2-0478-ct,,Ограненный синтетический алмаз,0.4 ct,,,,,,,,
Груша,7.2 мм,4.3 мм,35 600 руб,https://kolvika.ru/product/laboratornyy-brilliant-grusha-dvs2-0441-ct,,Ограненный синтетический алмаз,0.4 ct,,,,,,,,
Круг,,,1 600 руб,https://kolvika.ru/product/laboratorno-vyraschennye-brillianty-kr-57-225-235-mm,Лабораторно-выращенный,Ограненный синтетический алмаз,,,,,,,,,
Триллион,9.0 мм,9.0 мм,1 200 руб,https://kolvika.ru/product/tsitrin-trillion-900-h-900-mm-2,Полудрагоценный,Цитрин,1.9 ct,Калиброваный,,,,,,,
Круг,,,1 800 руб,https://kolvika.ru/product/laboratorno-vyraschennye-brillianty-kr-57-235-245-mm,Лабораторно-выращенный,Ограненный синтетический алмаз,,,,,,,,,
Круг,,,3 400 руб,https://kolvika.ru/product/laboratorno-vyraschennye-brillianty-kr-57-285-295-mm,Лабораторно-выращенный,Ограненный синтетический алмаз,,,,,,,,,
Круг,,,4 500 руб,https://kolvika.ru/product/laboratorno-vyraschennye-brillianty-kr-57-315-325-mm,Лабораторно-выращенный,Ограненный синтетический алмаз,,,,,,,,,
Круг,,,3 100 руб,https://kolvika.ru/product/laboratorno-vyraschennye-brillianty-kr-57-275-285-mm,Лабораторно-выращенный,Ограненный синтетический алмаз,,,,,,,,,
Сердце,8.0 мм,8.0 мм,5 250 руб,https://kolvika.ru/product/peridot-serdtse-800-h-800-mm,Полудрагоценный,Перидот (Хризолит),1.8 ct,Калиброваный,Различная,,,,,,
Круг,,,5 300 руб,https://kolvika.ru/product/laboratorno-vyraschennye-brillianty-kr-57-335-345-mm,Лабораторно-выращенный,Ограненный синтетический алмаз,,,,,,,,,
Круг,,,4 300 руб,https://kolvika.ru/product/laboratorno-vyraschennye-brillianty-kr-57-305-315-mm,Лабораторно-выращенный,Ограненный синтетический алмаз,,,,,,,,,
Круг,,,6 900 руб,https://kolvika.ru/product/laboratorno-vyraschennye-brillianty-kr-57-365-375-mm,,Ограненный синтетический алмаз,,,,,,,,,
Круг,,,600 руб,https://kolvika.ru/product/laboratorno-vyraschennye-brillianty-kr-57-170-175-mm,,Ограненный синтетический алмаз,,,,,,,,,
Круг,,,7 400 руб,https://kolvika.ru/product/laboratorno-vyraschennye-brillianty-kr-57-375-380-mm,,Ограненный синтетический алмаз,,,,,,,,,
Круг,,,45 240 руб,https://kolvika.ru/product/laboratorno-vyraschennyy-brilliant-kr-57-594-597-mm-dvs1-078-ct,,Ограненный синтетический алмаз,0.7 ct,,,,,,Имеется сертификат,,
Круг,,,43 500 руб,https://kolvika.ru/product/laboratorno-vyraschennyy-brilliant-kr-57-562-565-mm-dvs2-075-ct,,Ограненный синтетический алмаз,0.7 ct,,,,,,Имеется сертификат,,
Круг,,,44 080 руб,https://kolvika.ru/product/laboratorno-vyraschennyy-brilliant-kr-57-583-586-mm-fvs1-076-ct,,Ограненный синтетический алмаз,0.7 ct,,,,,,Имеется сертификат,,
Круг,,,8 200 руб,https://kolvika.ru/product/laboratorno-vyraschennye-brillianty-kr-57-385-390-mm,,Ограненный синтетический алмаз,,,,,,,,,
Круг,,,42 340 руб,https://kolvika.ru/product/laboratorno-vyraschennyy-brilliant-kr-57-571-574-mm-evs1-073-ct,,Ограненный синтетический алмаз,0.7 ct,,,,,,Имеется сертификат,,
Круг,,,240 руб,https://kolvika.ru/product/laboratorno-vyraschennye-brillianty-kr-57-110-115-mm,,Ограненный синтетический алмаз,,,,,,,,,
Круг,,,44 080 руб,https://kolvika.ru/product/laboratorno-vyraschennyy-brilliant-kr-57-572-575-mm-dvs1-076-ct,,Ограненный синтетический алмаз,0.7 ct,,,,,,Имеется сертификат,,
Груша,6.0 мм,4.0 мм,850 руб,https://kolvika.ru/product/rodolit-grusha-600-x-400-mm,Полудрагоценный,Рубеллит,,Калиброваный,,,,,,,
Круг,,,280 руб,https://kolvika.ru/product/laboratorno-vyraschennye-brillianty-kr-57-120-125-mm,,Ограненный синтетический алмаз,,,,,,,,,
Круг,,,2 000 руб,https://kolvika.ru/product/laboratorno-vyraschennye-brillianty-kr-57-245-255-mm,,Ограненный синтетический алмаз,,,,,,,,,
Круг,5.0 мм,5.0 мм,150 руб,https://kolvika.ru/product/rauhtopaz-o-500-mm,,Раухтопаз (Кварц дымчатый),0.5 ct,Калиброваный,Бриллиантовая,,,,,,
Сердце,8.0 мм,8.0 мм,200 300 руб,https://kolvika.ru/product/tanzanit-para-serdtse-800-h-800-mm,,Танзанит,,Парные камни,Модифицированная,,,,,,
Овал,12.0 мм,10.0 мм,3 700 руб,https://kolvika.ru/product/topaz-sky-oval-1200-h-1000-mm,,Топаз,,,,,,,,,
Ашер,"6.5 мм,
                       
                         6.6 мм",6.5 мм,404 250 руб,https://kolvika.ru/product/laboratorno-vyraschennyy-brilliant-asher-657h653-mm-176-ct-660h656-174-ct-evvs2-para,,Ограненный синтетический алмаз,1.7 ct,,,,,,Имеется сертификат,,
Круг,7.4 мм,7.4 мм,357 900 руб,https://kolvika.ru/product/laboratorno-vyraschennyy-brilliant-grusha-500-h-300-mm-2,,Ограненный синтетический алмаз,1.5 ct,,,,,,Имеется сертификат,,
Маркиз,6.0 мм,3.0 мм,10 500 руб,https://kolvika.ru/product/laboratorno-vyraschennyy-brilliant-markiz-600-h-300-mm,,Ограненный синтетический алмаз,,,,,,,,,
Груша,5.0 мм,3.0 мм,9 800 руб,https://kolvika.ru/product/laboratorno-vyraschennyy-brilliant-grusha-500-h-300-mm,,Ограненный синтетический алмаз,,,,,,,,,
Груша,5.5 мм,3.5 мм,13 200 руб,https://kolvika.ru/product/laboratorno-vyraschennyy-brilliant-grusha-550-h-350-mm,,Ограненный синтетический алмаз,,,,,,,,,
Груша,12.6 мм,7.4 мм,197 890 руб,https://kolvika.ru/product/laboratorno-vyraschennyy-brilliant-grusha-1266-h-743-h-467-mm-dvvs2-257-ct,,Ограненный синтетический алмаз,2.5 ct,,,,,,Имеется сертификат,,
Сердце,5.7 мм,7.1 мм,77 770 руб,https://kolvika.ru/product/laboratorno-vyraschennyy-brilliant-serdtse-572-h-713-h-424-mm-dvvs2-101-ct,,Ограненный синтетический алмаз,1.0 ct,,,,,,Имеется сертификат,,
Маркиз,5.0 мм,2.5 мм,6 400 руб,https://kolvika.ru/product/laboratorno-vyraschennyy-brilliant-markiz-500-h-250-mm,,Ограненный синтетический алмаз,,,,,,,,,
Овал,8.4 мм,5.8 мм,81 620 руб,https://kolvika.ru/product/laboratorno-vyraschennyy-brilliant-oval-846-h-587-h-344-mm-dvvs2-106-ct,,Ограненный синтетический алмаз,1.0 ct,,,,,,Имеется сертификат,,
Кушон,6.9 мм,5.5 мм,92 400 руб,https://kolvika.ru/product/laboratorno-vyraschennyy-brilliant-kushon-697-h-559-h-387-mm-fvs1-120-ct,,Ограненный синтетический алмаз,1.2 ct,,,,,,Имеется сертификат,,
Квадрат,7.2 мм,7.0 мм,164 780 руб,https://kolvika.ru/product/laboratorno-vyraschennyy-brilliant-printsessa-722-h-707-h-491-mm-fvvs2-214-ct,,Ограненный синтетический алмаз,2.1 ct,,,,,,Имеется сертификат,,
Сердце,7.5 мм,8.8 мм,160 160 руб,https://kolvika.ru/product/laboratorno-vyraschennyy-brilliant-serdtse-753-h-880-h-537-mm-dvvs2-208-ct,,Ограненный синтетический алмаз,2.0 ct,,,,,,Имеется сертификат,,
Овал,7.1 мм,4.9 мм,119 648 руб,https://kolvika.ru/product/laboratorno-vyraschennyy-brilliant-oval-714-h-499-h-362-mm-fancyvivid-yellowvs1-105-ct,,Ограненный синтетический алмаз,1.0 ct,,,,,,Имеется сертификат,,
Радиант,7.9 мм,5.5 мм,228 460 руб,https://kolvika.ru/product/laboratorno-vyraschennyy-brilliant-radiant-790-h-550-h-391-mm-fancyvivid-pinkvvs2-152-ct,,Ограненный синтетический алмаз,1.5 ct,,,,,,Имеется сертификат,,
Груша,10.7 мм,6.3 мм,235 877 руб,https://kolvika.ru/product/laboratorno-vyraschennyy-brilliant-grusha-1071-h-639-h-413-mm-fancy-intense-yellowvvs2-207-ct,,Ограненный синтетический алмаз,2.0 ct,,,,,,Имеется сертификат,,
Овал,7.6 мм,5.3 мм,125 345 руб,https://kolvika.ru/product/laboratorno-vyraschennyy-brilliant-oval-762-h-535-h-345-mm-fancyvivid-yellowvs1-110-ct,,Ограненный синтетический алмаз,1.1 ct,,,,,,Имеется сертификат,,
Радиант,7.8 мм,5.3 мм,177 762 руб,https://kolvika.ru/product/laboratorno-vyraschennyy-brilliant-radiant-784-h-538-h-383-mm-fancyvivid-bluevvs2-156-ct,,Ограненный синтетический алмаз,1.5 ct,,,,,,Имеется сертификат,,
,8.1 мм,5.4 мм,191 436 руб,https://kolvika.ru/product/laboratorno-vyraschennyy-brilliant-radiant-810-h-545-h-389-mm-fancyvivid-yellowvvs2-168-ct,,Ограненный синтетический алмаз,1.6 ct,,,,,,Имеется сертификат,,
Кушон,6.9 мм,6.8 мм,242 714 руб,https://kolvika.ru/product/laboratorno-vyraschennyy-brilliant-kushon-692-h-688-h-469-mm-fancyvivid-yellowvs1-213-ct,,Ограненный синтетический алмаз,2.1 ct,,,,,,Имеется сертификат,,
Кушон,6.2 мм,6.2 мм,189 157 руб,https://kolvika.ru/product/laboratorno-vyraschennyy-brilliant-kushon-627-h-624-h-432-mm-fancy-intense-yellowvvs2-166-ct,,Ограненный синтетический алмаз,1.6 ct,,,,,,Имеется сертификат,,
,5.7 мм,5.7 мм,125 345 руб,https://kolvika.ru/product/laboratorno-vyraschennyy-brilliant-kushon-572-h-570-h-367-mm-fancyvivid-bluish-greenvs1-110-ct,,Ограненный синтетический алмаз,1.1 ct,,,,,,Имеется сертификат,,
Круг,5.2 мм,5.2 мм,31 360 руб,https://kolvika.ru/product/laboratorno-vyraschennyy-brilliant-kr-57-527-529-mm-dvvs2-056-ct,,Ограненный синтетический алмаз,0.5 ct,,,,,,Имеется сертификат,,
Кушон,5.6 мм,5.5 мм,124 206 руб,https://kolvika.ru/product/laboratorno-vyraschennyy-brilliant-kushon-566-h-559-h-366-mm-fancy-yellowvvs2-109-ct,,Ограненный синтетический алмаз,1.0 ct,,,,,,Имеется сертификат,,
Круг,9.4 мм,9.4 мм,551 580 руб,https://kolvika.ru/product/laboratorno-vyraschennyy-brilliant-kr-57-945-947-mm-dvs1-317-ct,,Ограненный синтетический алмаз,3.1 ct,,,,,,Имеется сертификат,,
Круг,5.2 мм,5.3 мм,31 360 руб,https://kolvika.ru/product/laboratorno-vyraschennyy-brilliant-kr-57-528-532-mm-dvvs1-056-ct,,Ограненный синтетический алмаз,0.5 ct,,,,,,Имеется сертификат,,
Круг,5.2 мм,5.3 мм,31 360 руб,https://kolvika.ru/product/laboratorno-vyraschennyy-brilliant-kr-57-529-532-mm-dvvs2-056-ct,,Ограненный синтетический алмаз,0.5 ct,,,,,,Имеется сертификат,,
Круг,5.2 мм,5.2 мм,30 800 руб,https://kolvika.ru/product/laboratorno-vyraschennyy-brilliant-kr-57-521-525-mm-dvvs1-055-ct,,Ограненный синтетический алмаз,0.5 ct,,,,,,Имеется сертификат,,
Круг,5.2 мм,5.2 мм,31 360 руб,https://kolvika.ru/product/laboratorno-vyraschennyy-brilliant-kr-57-525-527-mm-dvvs2-056-ct,,Ограненный синтетический алмаз,0.5 ct,,,,,,Имеется сертификат,,
Круг,5.2 мм,5.2 мм,30 240 руб,https://kolvika.ru/product/laboratorno-vyraschennyy-brilliant-kr-57-522-524-mm-dvvs2-054-ct,,Ограненный синтетический алмаз,0.5 ct,,,,,,Имеется сертификат,,
Круг,5.2 мм,5.2 мм,29 120 руб,https://kolvika.ru/product/laboratorno-vyraschennyy-brilliant-kr-57-521-526-mm-dvvs2-052-ct,,Ограненный синтетический алмаз,0.5 ct,,,,,,Имеется сертификат,,
Круг,5.2 мм,5.2 мм,30 240 руб,https://kolvika.ru/product/laboratorno-vyraschennyy-brilliant-kr-57-522-526-mm-dvvs2-054-ct,,Ограненный синтетический алмаз,0.5 ct,,,,,,Имеется сертификат,,
Круг,5.2 мм,5.2 мм,30 240 руб,https://kolvika.ru/product/laboratorno-vyraschennyy-brilliant-kr-57-522-523-mm-dvvs2-054-ct,,Ограненный синтетический алмаз,0.5 ct,,,,,,Имеется сертификат,,
Круг,5.1 мм,5.2 мм,30 240 руб,https://kolvika.ru/product/laboratorno-vyraschennyy-brilliant-kr-57-518-522-mm-dvvs2-054-ct,,Ограненный синтетический алмаз,0.5 ct,,,,,,Имеется сертификат,,
Круг,5.1 мм,5.2 мм,29 680 руб,https://kolvika.ru/product/laboratorno-vyraschennyy-brilliant-kr-57-517-521-mm-dvvs1-053-ct,,Ограненный синтетический алмаз,0.5 ct,,,,,,Имеется сертификат,,
Круг,5.1 мм,5.2 мм,30 240 руб,https://kolvika.ru/product/laboratorno-vyraschennyy-brilliant-kr-57-518-522-mm-dvvs2-054-ct-2,,Ограненный синтетический алмаз,0.5 ct,,,,,,Имеется сертификат,,
Круг,5.1 мм,5.2 мм,30 240 руб,https://kolvika.ru/product/laboratorno-vyraschennyy-brilliant-kr-57-519-522-mm-dvvs2-054-ct,,Ограненный синтетический алмаз,0.5 ct,,,,,,Имеется сертификат,,
Круг,5.2 мм,5.2 мм,29 680 руб,https://kolvika.ru/product/laboratorno-vyraschennyy-brilliant-kr-57-525-529-mm-dvvs1-053-ct,,Ограненный синтетический алмаз,0.5 ct,,,,,,Имеется сертификат,,
,5.1 мм,5.2 мм,29 120 руб,https://kolvika.ru/product/laboratorno-vyraschennyy-brilliant-kr-57-518-520-mm-dvvs2-052-ct,,Ограненный синтетический алмаз,0.5 ct,,,,,,Имеется сертификат,,
Круг,5.1 мм,5.2 мм,30 240 руб,https://kolvika.ru/product/laboratorno-vyraschennyy-brilliant-kr-57-519-523-mm-dvvs2-054-ct,,Ограненный синтетический алмаз,0.51 ct,,,,,,Имеется сертификат,,
Круг,5.2 мм,5.2 мм,30 800 руб,https://kolvika.ru/product/laboratorno-vyraschennyy-brilliant-kr-57-524-526-mm-dvvs2-055-ct,,Ограненный синтетический алмаз,0.5 ct,,,,,,Имеется сертификат,,
Круг,5.2 мм,5.2 мм,30 800 руб,https://kolvika.ru/product/laboratorno-vyraschennyy-brilliant-kr-57-525-528-mm-dvvs2-055-ct,,Ограненный синтетический алмаз,0.5 ct,,,,,,Имеется сертификат,,
Круг,5.2 мм,5.2 мм,30 240 руб,https://kolvika.ru/product/laboratorno-vyraschennyy-brilliant-kr-57-520-522-mm-dvvs2-054-ct,,Ограненный синтетический алмаз,0.5 ct,,,,,,Имеется сертификат,,
Круг,5.2 мм,5.2 мм,30 800 руб,https://kolvika.ru/product/laboratorno-vyraschennyy-brilliant-kr-57-521-524-mm-dvvs2-055-ct,,Ограненный синтетический алмаз,0.5 ct,,,,,,Имеется сертификат,,
Круг,5.2 мм,5.2 мм,30 240 руб,https://kolvika.ru/product/laboratorno-vyraschennyy-brilliant-kr-57-521-524-mm-dvvs2-054-ct,,Ограненный синтетический алмаз,0.59 ct,,,,,,Имеется сертификат,,
Круг,5.2 мм,5.2 мм,30 240 руб,https://kolvika.ru/product/laboratorno-vyraschennyy-brilliant-kr-57-520-525-mm-dvvs2-054-ct,,Ограненный синтетический алмаз,0.5 ct,,,,,,Имеется сертификат,,
Круг,5.2 мм,5.2 мм,30 240 руб,https://kolvika.ru/product/laboratorno-vyraschennyy-brilliant-kr-57-524-527-mm-dvvs2-054-ct-3,,Ограненный синтетический алмаз,0.5 ct,,,,,,Имеется сертификат,,
Круг,5.2 мм,5.2 мм,30 240 руб,https://kolvika.ru/product/laboratorno-vyraschennyy-brilliant-kr-57-521-523-mm-dvvs2-054-ct,,Ограненный синтетический алмаз,0.5 ct,,,,,,Имеется сертификат,,
Круг,5.2 мм,5.2 мм,29 680 руб,https://kolvika.ru/product/laboratorno-vyraschennyy-brilliant-kr-57-522-527-mm-dvvs2-053-ct,,Ограненный синтетический алмаз,0.5 ct,,,,,,Имеется сертификат,,
Круг,"2.9 мм,
                       
                         3.0 мм",,6 600 руб,https://kolvika.ru/product/laboratorno-vyraschennyy-brilliant-rozovyy-kr-57-290-300-mm,,Ограненный синтетический алмаз,,,,,,,,,
Круг,"2.4 мм,
                       
                         2.5 мм",,3 900 руб,https://kolvika.ru/product/laboratorno-vyraschennyy-brilliant-rozovyy-kr-57-245-250-mm,,Ограненный синтетический алмаз,,,,,,,,,
Круг,"3.5 мм,
                       
                         3.45 мм",,10 500 руб,https://kolvika.ru/product/laboratorno-vyraschennyy-brilliant-rozovyy-kr-57-345-350-mm,,Ограненный синтетический алмаз,,,,,,,,,
Груша,6.0 мм,4.0 мм,19 100 руб,https://kolvika.ru/product/laboratorno-vyraschennyy-brilliant-grusha-600-h-400-mm,,Ограненный синтетический алмаз,,,,,,,,,
Груша,7.0 мм,5.0 мм,35 700 руб,https://kolvika.ru/product/laboratorno-vyraschennyy-brilliant-grusha-700-h-500-mm,,Ограненный синтетический алмаз,,,,,,,,,
Круг,"4.0 мм,
                       
                         3.8 мм",,15 000 руб,https://kolvika.ru/product/laboratorno-vyraschennyy-brilliant-rozovyy-kr-57-380-400-mm,,Ограненный синтетический алмаз,,,,,,,,,
Радиант,7.8 мм,6.2 мм,307 020 руб,https://kolvika.ru/product/laboratorno-vyraschennyy-brilliant-kushon-789-h-625-h-453-mm-fancy-yellowvs1-204-ct,,Ограненный синтетический алмаз,2.0 ct,,,,,,Имеется сертификат,,
Круг,4.3 мм,4.3 мм,72 400 руб,https://kolvika.ru/product/brilliant-kr-57-25-030-ct,,Бриллиант,0.3 ct,,,,,,Имеется сертификат,,
,4.3 мм,4.3 мм,69 600 руб,https://kolvika.ru/product/brilliant-kr-57-63-030-ct,,Бриллиант,0.3 ct,,,,,,Имеется сертификат,,
Круг,4.2 мм,4.2 мм,60 800 руб,https://kolvika.ru/product/brilliant-kr-57-66-030-ct,,Бриллиант,0.3 ct,,,,,,Имеется сертификат,,
Круг,2.6 мм,2.6 мм,12 000 руб,https://kolvika.ru/product/brilliant-kr-57-265-h-266-h-159-mm-35-007-ct,,Бриллиант,0.07 ct,,,,,,Имеется сертификат,,
Круг,4.7 мм,4.7 мм,113 600 руб,https://kolvika.ru/product/brilliant-kr-57-55-040-ct,,Бриллиант,0.4 ct,,,,,,Имеется сертификат,,
Круг,2.2 мм,2.2 мм,11 500 руб,https://kolvika.ru/product/brilliant-kr-57-225-h-226-h-139-mm-24-005-ct,,Бриллиант,0.05 ct,,,,,,Имеется сертификат,,
Круг,2.6 мм,2.6 мм,12 200 руб,https://kolvika.ru/product/brilliant-kr-57-264-h-266-h-158-mm-25-007-ct,,Бриллиант,0.07 ct,,,,,,Имеется сертификат,,
,5.0 мм,5.1 мм,174 900 руб,https://kolvika.ru/product/brilliant-kr-57-64-051-ct,,Бриллиант,0.5 ct,,,,,,Имеется сертификат,,
Круг,2.3 мм,2.4 мм,10 700 руб,https://kolvika.ru/product/brilliant-kr-57-239-h-240-h-152-mm-34-005-ct,,Бриллиант,0.05 ct,,,,,,Имеется сертификат,,
Круг,2.6 мм,2.6 мм,11 700 руб,https://kolvika.ru/product/brilliant-kr-57-268-h-269-h-159-mm-16-007-ct,,Бриллиант,0.07 ct,,,,,,Имеется сертификат,,
Круг,2.8 мм,2.8 мм,14 500 руб,https://kolvika.ru/product/brilliant-kr-57-284-h-285-h-167-mm-15-008-ct,,Бриллиант,0.08 ct,,,,,,Имеется сертификат,,
Круг,2.8 мм,2.8 мм,13 500 руб,https://kolvika.ru/product/brilliant-kr-57-281-h-283-h-171-mm-35-008-ct,,Бриллиант,0.08 ct,,,,,,Имеется сертификат,,
Круг,2.7 мм,2.8 мм,14 000 руб,https://kolvika.ru/product/brilliant-kr-57-279-h-281-h-173-mm-15-008-ct,,Бриллиант,0.08 ct,,,,,,Имеется сертификат,,
Круг,2.8 мм,2.8 мм,13 300 руб,https://kolvika.ru/product/brilliant-kr-57-284-h-285-h-176-mm-15-009-ct,,Бриллиант,0.09 ct,,,,,,Имеется сертификат,,
Круг,2.8 мм,2.8 мм,14 500 руб,https://kolvika.ru/product/brilliant-kr-57-284-h-285-h-179-mm-15-009-ct,,Бриллиант,0.09 ct,,,,,,Имеется сертификат,,
Круг,2.2 мм,2.2 мм,9 500 руб,https://kolvika.ru/product/brilliant-kr-57-225-h-227-h-139-mm-24-004-ct,,Бриллиант,0.04 ct,,,,,,Имеется сертификат,,
Круг,2.8 мм,2.8 мм,12 100 руб,https://kolvika.ru/product/brilliant-kr-57-283-h-284-h-174-mm-45-009-ct,,Бриллиант,0.09 ct,,,,,,Имеется сертификат,,
Круг,2.2 мм,2.2 мм,9 800 руб,https://kolvika.ru/product/brilliant-kr-57-224-h-225-h-142-mm-25-004-ct,,Бриллиант,0.04 ct,,,,,,Имеется сертификат,,
Круг,3.3 мм,3.3 мм,25 900 руб,https://kolvika.ru/product/brilliant-kr-57-331-h-333-h-201-mm-25-014-ct,,Бриллиант,0.14 ct,,,,,,Имеется сертификат,,
Круг,2.3 мм,2.4 мм,11 000 руб,https://kolvika.ru/product/brilliant-kr-57-239-h-240-h-149-mm-24-005-ct,,Бриллиант,0.05 ct,,,,,,Имеется сертификат,,
Круг,3.2 мм,3.3 мм,26 700 руб,https://kolvika.ru/product/brilliant-kr-57-329-h-332-h-204-mm-15-014-ct,,Бриллиант,0.14 ct,,,,,,Имеется сертификат,,
Круг,2.4 мм,2.4 мм,10 700 руб,https://kolvika.ru/product/brilliant-kr-57-245-h-246-h-152-mm-34-005-ct,,Бриллиант,0.05 ct,,,,,,Имеется сертификат,,
Круг,3.3 мм,3.3 мм,27 700 руб,https://kolvika.ru/product/brilliant-kr-57-330-h-332-h-209-mm-25-015-ct,,Бриллиант,0.15 ct,,,,,,Имеется сертификат,,
Круг,3.8 мм,3.9 мм,44 600 руб,https://kolvika.ru/product/brilliant-kr-57-388-h-391-h-244-mm-34-023-ct,,Бриллиант,0.2 ct,,,,,,Имеется сертификат,,
Круг,4.0 мм,4.1 мм,50 900 руб,https://kolvika.ru/product/brilliant-kr-57-408-h-414-h-260-mm-35-028-ct,,Бриллиант,0.2 ct,,,,,,Имеется сертификат,,
Круг,3.8 мм,3.9 мм,44 600 руб,https://kolvika.ru/product/brilliant-kr-57-387-h-390-h-244-mm-25-023-ct,,Бриллиант,0.23 ct,,,,,,Имеется сертификат,,
Круг,3.8 мм,3.9 мм,46 500 руб,https://kolvika.ru/product/brilliant-kr-57-389-h-390-h-250-mm-25-024-ct,,Бриллиант,0.2 ct,,,,,,Имеется сертификат,,
Круг,4.1 мм,4.1 мм,48 400 руб,https://kolvika.ru/product/brilliant-kr-57-413-h-415-h-243-mm-25-025-ct,,Бриллиант,0.2 ct,,,,,,Имеется сертификат,,
Круг,6.3 мм,6.3 мм,113 950 руб,https://kolvika.ru/product/laboratorno-vyraschennyy-brilliant-krug-632-h-637-h-398-mm-fancyvivid-yellowvs1-100-ct,,Ограненный синтетический алмаз,1.0 ct,,,,,,Имеется сертификат,,
Круг,4.1 мм,4.1 мм,49 800 руб,https://kolvika.ru/product/brilliant-kr-57-414-h-416-h-248-mm-25-026-ct,,Бриллиант,0.2 ct,,,,,,Имеется сертификат,,
Круг,6.4 мм,6.5 мм,119 648 руб,https://kolvika.ru/product/laboratorno-vyraschennyy-brilliant-krug-648-h-652-h-396-mm-fancyvivid-yellowvs1-105-ct,,Ограненный синтетический алмаз,1.0 ct,,,,,,Имеется сертификат,,
Круг,7.3 мм,7.4 мм,194 790 руб,https://kolvika.ru/product/laboratorno-vyraschennyy-brilliant-krug-736-h-741-h-452-mm-fancy-intense-yellowvs1-151-ct,,Ограненный синтетический алмаз,1.5 ct,,,,,,Имеется сертификат,,
Треугольник,,,61 200 руб,https://kolvika.ru/product/laboratorno-vyraschennyy-brilliant-treugolnik-para-0732-ct,,Ограненный синтетический алмаз,,,,,,,,,0.732 ct
Треугольник,,,110 100 руб,https://kolvika.ru/product/laboratorno-vyraschennyy-brilliant-treugolnik-para-1137-ct,,Ограненный синтетический алмаз,,,,,,,,,1.137 ct
Треугольник,,,66 200 руб,https://kolvika.ru/product/laboratorno-vyraschennyy-brilliant-treugolnik-para-0792-ct,,Ограненный синтетический алмаз,,,,,,,,,0.792 ct
Фантазийная,,,59 100 руб,https://kolvika.ru/product/laboratorno-vyraschennyy-brilliant-pulya-para-0705-ct,,Ограненный синтетический алмаз,,,,,,,,,0.705 ct
Треугольник,,,79 000 руб,https://kolvika.ru/product/laboratorno-vyraschennyy-brilliant-treugolnik-para-0944-ct,,Ограненный синтетический алмаз,,,,,,,,,0.944 ct
Фантазийная,,,41 000 руб,https://kolvika.ru/product/laboratorno-vyraschennyy-brilliant-pulya-para-0490-ct,,Ограненный синтетический алмаз,,,,,,,,,0.49 ct
Фантазийная,,,84 500 руб,https://kolvika.ru/product/laboratorno-vyraschennyy-brilliant-pulya-para-101-ct,,Ограненный синтетический алмаз,,,,,,,,,1.01 ct
Фантазийная,,,99 200 руб,https://kolvika.ru/product/laboratorno-vyraschennyy-brilliant-zmey-para-1024-ct,,Ограненный синтетический алмаз,,,,,,,,,1.024 ct
Фантазийная,,,43 300 руб,https://kolvika.ru/product/laboratorno-vyraschennyy-brilliant-zmey-para-0517-ct,,Ограненный синтетический алмаз,,,,,,,,,0.517 ct
Фантазийная,,,41 800 руб,https://kolvika.ru/product/laboratorno-vyraschennyy-brilliant-schit-para-0500-ct,,Ограненный синтетический алмаз,,,,,,,,,0.5 ct
Фантазийная,,4.2 мм,62 400 руб,https://kolvika.ru/product/laboratorno-vyraschennyy-brilliant-zmey-para-0746-ct,,Ограненный синтетический алмаз,,,,,,,,,0.746 ct
Фантазийная,,,95 900 руб,https://kolvika.ru/product/laboratorno-vyraschennyy-brilliant-schit-para-0990-ct,,Ограненный синтетический алмаз,,,,,,,,,0.99 ct
Фантазийная,,,62 200 руб,https://kolvika.ru/product/laboratorno-vyraschennyy-brilliant-schit-para-0743-ct,,Ограненный синтетический алмаз,,,,,,,,,0.743 ct
Фантазийная,,,89 900 руб,https://kolvika.ru/product/laboratorno-vyraschennyy-brilliant-liliya-para-0681-ct,,Ограненный синтетический алмаз,,,,,,,,,0.681 ct
Фантазийная,,,149 900 руб,https://kolvika.ru/product/laboratorno-vyraschennyy-brilliant-liliya-para-1002-ct,,Ограненный синтетический алмаз,,,,,,,,,1.002 ct
Фантазийная,,,42 500 руб,https://kolvika.ru/product/laboratorno-vyraschennyy-brilliant-polumesyats-para-0508-ct,,Ограненный синтетический алмаз,,,,,,,,,0.508 ct
Фантазийная,,,219 000 руб,https://kolvika.ru/product/laboratorno-vyraschennyy-brilliant-liliya-para-1458-ct,,Ограненный синтетический алмаз,,,,,,,,,1.458 ct
Фантазийная,,,44 200 руб,https://kolvika.ru/product/laboratorno-vyraschennyy-brilliant-polumesyats-para-0528-ct,,Ограненный синтетический алмаз,0.528 ct,,,,,,,,
Фантазийная,,,61 100 руб,https://kolvika.ru/product/laboratorno-vyraschennyy-brilliant-polumesyats-para-0730-ct,,Ограненный синтетический алмаз,,,,,,,,,0.73 ct
Фантазийная,,,63 600 руб,https://kolvika.ru/product/laboratorno-vyraschennyy-brilliant-polumesyats-para-0760-ct,,Ограненный синтетический алмаз,,,,,,,,,0.76 ct
Фантазийная,,,48 400 руб,https://kolvika.ru/product/laboratorno-vyraschennyy-brilliant-polumesyats-para-0578-ct,,Ограненный синтетический алмаз,,,,,,,,,0.578 ct
Фантазийная,,,73 600 руб,https://kolvika.ru/product/laboratorno-vyraschennyy-brilliant-polumesyats-para-0880-ct,,Ограненный синтетический алмаз,,,,,,,,,0.88 ct
Фантазийная,,,77 800 руб,https://kolvika.ru/product/laboratorno-vyraschennyy-brilliant-polumesyats-para-0930-ct,,Ограненный синтетический алмаз,,,,,,,,,0.93 ct
Фантазийная,,,43 300 руб,https://kolvika.ru/product/laboratorno-vyraschennyy-brilliant-kadillak-para-0518-ct,,Ограненный синтетический алмаз,,,,,,,,,0.518 ct
Фантазийная,,,96 800 руб,https://kolvika.ru/product/laboratorno-vyraschennyy-brilliant-polumesyats-para-100-ct,,Ограненный синтетический алмаз,,,,,,,,,1.0 ct
Фантазийная,,,43 300 руб,https://kolvika.ru/product/laboratorno-vyraschennyy-brilliant-kadillak-para-0517-ct,,Ограненный синтетический алмаз,,,,,,,,,0.517 ct
Фантазийная,,,98 500 руб,https://kolvika.ru/product/laboratorno-vyraschennyy-brilliant-polumesyats-para-1017-ct,,Ограненный синтетический алмаз,,,,,,,,,1.017 ct
Фантазийная,,,48 500 руб,https://kolvika.ru/product/laboratorno-vyraschennyy-brilliant-kadillak-para-0580-ct,,Ограненный синтетический алмаз,,,,,,,,,0.58 ct
Фантазийная,,,63 800 руб,https://kolvika.ru/product/laboratorno-vyraschennyy-brilliant-kadillak-para-0763-ct,,Ограненный синтетический алмаз,,,,,,,,,0.763 ct
Фантазийная,,,62 700 руб,https://kolvika.ru/product/laboratorno-vyraschennyy-brilliant-kadillak-para-0750-ct,,Ограненный синтетический алмаз,0.750 ct,,,,,,,,
Фантазийная,,,98 000 руб,https://kolvika.ru/product/laboratorno-vyraschennyy-brilliant-kadillak-para-1010-ct,,Ограненный синтетический алмаз,,,,,,,,,1.01 ct
Фантазийная,,,61 000 руб,https://kolvika.ru/product/laboratorno-vyraschennyy-brilliant-kadillak-para-0729-ct,,Ограненный синтетический алмаз,,,,,,,,,0.729 ct
Фантазийная,,,46 900 руб,https://kolvika.ru/product/laboratorno-vyraschennyy-brilliant-epolet-para-0560-ct,,Ограненный синтетический алмаз,,,,,,,,,0.56 ct
Фантазийная,,,81 300 руб,https://kolvika.ru/product/laboratorno-vyraschennyy-brilliant-kadillak-para-0972-ct,,Ограненный синтетический алмаз,,,,,,,,,0.972 ct
Фантазийная,,,67 800 руб,https://kolvika.ru/product/laboratorno-vyraschennyy-brilliant-kadillak-para-0811-ct,,Ограненный синтетический алмаз,,,,,,,,,0.811 ct
Фантазийная,,,103 400 руб,https://kolvika.ru/product/laboratorno-vyraschennyy-brilliant-kadillak-para-1068-ct,,Ограненный синтетический алмаз,,,,,,,,,1.068 ct
Фантазийная,,,45 900 руб,https://kolvika.ru/product/laboratorno-vyraschennyy-brilliant-epolet-para-0548-ct,,Ограненный синтетический алмаз,,,,,,,,,0.548 ct
Фантазийная,,,41 800 руб,https://kolvika.ru/product/laboratorno-vyraschennyy-brilliant-epolet-para-0499-ct,,Ограненный синтетический алмаз,,,,,,,,,0.499 ct
Фантазийная,,,49 400 руб,https://kolvika.ru/product/laboratorno-vyraschennyy-brilliant-epolet-para-0590-ct,,Ограненный синтетический алмаз,,,,,,,,,0.59 ct
Фантазийная,,,50 700 руб,https://kolvika.ru/product/laboratorno-vyraschennyy-brilliant-epolet-para-0606-ct,,Ограненный синтетический алмаз,,,,,,,,,0.606 ct
Фантазийная,,,55 000 руб,https://kolvika.ru/product/laboratorno-vyraschennyy-brilliant-epolet-para-0657-ct,,Ограненный синтетический алмаз,,,,,,,,,0.657 ct
Фантазийная,,,57 700 руб,https://kolvika.ru/product/laboratorno-vyraschennyy-brilliant-epolet-para-0690-ct,,Ограненный синтетический алмаз,,,,,,,,,0.69 ct
Фантазийная,,,61 200 руб,https://kolvika.ru/product/laboratorno-vyraschennyy-brilliant-epolet-para-0731-ct,,Ограненный синтетический алмаз,,,,,,,,,0.731 ct
Фантазийная,,,64 400 руб,https://kolvika.ru/product/laboratorno-vyraschennyy-brilliant-epolet-para-0770-ct,,Ограненный синтетический алмаз,,,,,,,,,0.77 ct
Фантазийная,,,67 300 руб,https://kolvika.ru/product/laboratorno-vyraschennyy-brilliant-epolet-para-0805-ct,,Ограненный синтетический алмаз,,,,,,,,,0.805 ct
Фантазийная,,,69 100 руб,https://kolvika.ru/product/laboratorno-vyraschennyy-brilliant-epolet-para-0826-ct,,Ограненный синтетический алмаз,,,,,,,,,0.826 ct
Фантазийная,,,73 500 руб,https://kolvika.ru/product/laboratorno-vyraschennyy-brilliant-epolet-para-0879-ct,,Ограненный синтетический алмаз,,,,,,,,,0.879 ct
Фантазийная,,,81 600 руб,https://kolvika.ru/product/laboratorno-vyraschennyy-brilliant-epolet-para-0976-ct,,Ограненный синтетический алмаз,,,,,,,,,0.976 ct
Фантазийная,,,75 500 руб,https://kolvika.ru/product/laboratorno-vyraschennyy-brilliant-epolet-para-0903-ct,,Ограненный синтетический алмаз,,,,,,,,,0.903 ct
Фантазийная,,,103 200 руб,https://kolvika.ru/product/laboratorno-vyraschennyy-brilliant-epolet-para-1066-ct,,Ограненный синтетический алмаз,,,,,,,,,1.066 ct
Фантазийная,,,85 600 руб,https://kolvika.ru/product/laboratorno-vyraschennyy-brilliant-epolet-para-1023-ct,,Ограненный синтетический алмаз,,,,,,,,,1.023 ct
Фантазийная,,,99 700 руб,https://kolvika.ru/product/laboratorno-vyraschennyy-brilliant-epolet-para-1030-ct,,Ограненный синтетический алмаз,,,,,,,,,1.03 ct
Триллион,,,59 000 руб,https://kolvika.ru/product/laboratorno-vyraschennyy-brilliant-trillion-para-0706-ct,,Ограненный синтетический алмаз,,,,,,,,,0.706 ct
Триллион,,,43 800 руб,https://kolvika.ru/product/laboratorno-vyraschennyy-brilliant-trillion-para-0524-ct,,Ограненный синтетический алмаз,,,,,,,,,0.524 ct
Триллион,,,51 000 руб,https://kolvika.ru/product/laboratorno-vyraschennyy-brilliant-trillion-para-0610-ct,,Ограненный синтетический алмаз,,,,,,,,,0.610 ct
Триллион,,,59 400 руб,https://kolvika.ru/product/laboratorno-vyraschennyy-brilliant-trillion-para-0710-ct,,Ограненный синтетический алмаз,,,,,,,,,0.71 ct
Триллион,,,68 000 руб,https://kolvika.ru/product/laboratorno-vyraschennyy-brilliant-trillion-para-0814-ct,,Ограненный синтетический алмаз,,,,,,,,,0.814 ct
Триллион,,,75 000 руб,https://kolvika.ru/product/laboratorno-vyraschennyy-brilliant-trillion-para-0897-ct,,Ограненный синтетический алмаз,,,,,,,,,0.897 ct
Триллион,,,94 300 руб,https://kolvika.ru/product/laboratorno-vyraschennyy-brilliant-trillion-para-0974-ct,,Ограненный синтетический алмаз,,,,,,,,,0.974 ct
Трапеция,,,64 700 руб,https://kolvika.ru/product/laboratorno-vyraschennyy-brilliant-trapetsiya-para-0774-ct,,Ограненный синтетический алмаз,,,,,,,,,0.774 ct
Трапеция,,,60 000 руб,https://kolvika.ru/product/laboratorno-vyraschennyy-brilliant-trapetsiya-para-0718-ct,,Ограненный синтетический алмаз,,,,,,,,,0.718 ct
Трапеция,,,63 100 руб,https://kolvika.ru/product/laboratorno-vyraschennyy-brilliant-trapetsiya-para-0755-ct,,Ограненный синтетический алмаз,,,,,,,,,0.755 ct
Триллион,,,99 700 руб,https://kolvika.ru/product/laboratorno-vyraschennyy-brilliant-trillion-para-103-ct,,Ограненный синтетический алмаз,,,,,,,,,1.03 ct
Трапеция,,,69 000 руб,https://kolvika.ru/product/laboratorno-vyraschennyy-brilliant-trapetsiya-para-0825-ct,,Ограненный синтетический алмаз,,,,,,,,,0.825 ct
Трапеция,,,77 800 руб,https://kolvika.ru/product/laboratorno-vyraschennyy-brilliant-trapetsiya-para-0880-ct,,Ограненный синтетический алмаз,,,,,,,,,0.88 ct
Трапеция,,,74 400 руб,https://kolvika.ru/product/laboratorno-vyraschennyy-brilliant-trapetsiya-para-0890-ct,,Ограненный синтетический алмаз,,,,,,,,,0.89 ct
Трапеция,,,76 100 руб,https://kolvika.ru/product/laboratorno-vyraschennyy-brilliant-trapetsiya-para-0890-ct-2,,Ограненный синтетический алмаз,,,,,,,,,0.91 ct
Трапеция,,,73 800 руб,https://kolvika.ru/product/laboratorno-vyraschennyy-brilliant-trapetsiya-para-0882-ct,,Ограненный синтетический алмаз,,,,,,,,,0.882 ct
Трапеция,,,103 000 руб,https://kolvika.ru/product/laboratorno-vyraschennyy-brilliant-trapetsiya-para-1064-ct,,Ограненный синтетический алмаз,,,,,,,,,1.064 ct
Трапеция,,,82 000 руб,https://kolvika.ru/product/laboratorno-vyraschennyy-brilliant-trapetsiya-para-1027-ct,,Ограненный синтетический алмаз,,,,,,,,,1.027 ct
Трапеция,,,78 200 руб,https://kolvika.ru/product/laboratorno-vyraschennyy-brilliant-trapetsiya-para-0935-ct,,Ограненный синтетический алмаз,,,,,,,,,0.935 ct
Маркиз,11.4 мм,5.2 мм,166 320 руб,https://kolvika.ru/product/laboratorno-vyraschennyy-brilliant-markiz-para-216-ct,,Ограненный синтетический алмаз,,,,,,,Имеется сертификат,,2.16 ct
Трапеция,,,95 900 руб,https://kolvika.ru/product/laboratorno-vyraschennyy-brilliant-trapetsiya-para-0990-ct,,Ограненный синтетический алмаз,,,,,,,,,0.99 ct
Радиант,10.4 мм,6.9 мм,234 900 руб,https://kolvika.ru/product/laboratorno-vyraschennyy-brilliant-radiant-1041-h-693-h-471-mm,,Ограненный синтетический алмаз,3.05 ct,,,,,,,,
Триллион,12.0 мм,12.0 мм,23 000 руб,https://kolvika.ru/product/topaz-swiss-trillion-1200-h-1200-mm,,Топаз Свисс,,,,,,,,,
Груша,9.0 мм,7.0 мм,720 руб,https://kolvika.ru/product/tsitrin-grusha-900-h-700-mm,,Цитрин,,,,,,,,,
Груша,10.0 мм,7.0 мм,900 руб,https://kolvika.ru/product/tsitrin-grusha-1000-h-700-mm,,Цитрин,,,,,,,,,
Круг,6.4 мм,6.5 мм,72 800 руб,https://kolvika.ru/product/laboratorno-vyraschennyy-brilliant-kr-57-647-651-mm-dvvs1-104-ct,,Ограненный синтетический алмаз,0.208 гр,,,,,,Имеется сертификат,,
Круг,12.0 мм,12.0 мм,4 000 руб,https://kolvika.ru/product/ametist-svetlyy-o-1200-mm,,Аметист,,,,,,,,,
Круг,6.4 мм,6.5 мм,72 100 руб,https://kolvika.ru/product/laboratorno-vyraschennyy-brilliant-kr-57-648-651-mm-dvvs1-103-ct,,Ограненный синтетический алмаз,0.206 гр,,,,,,Имеется сертификат,,
Овал,21.9 мм,14.4 мм,3 769 000 руб,https://kolvika.ru/product/akvamarin-oval-2190-h-1442-h-1100-mm,Полудрагоценный,Аквамарин,21.95 Ct,Штучный,Смешанная,(N) Не подвергался,,Чистый на глаз,,11 мм,
Триллион,15.8 мм,15.7 мм,1 942 100 руб,https://kolvika.ru/product/akvamarin-trillion-1582-h-1575-h-970-mm,Полудрагоценный,Аквамарин,11.31 Ct,Штучный,Клиньевая,(N) Не подвергался,,Чистый на глаз,,9.7 мм,
Маркиз,26.20 мм,12.04 мм,42 100 руб,https://kolvika.ru/product/akvamarin-markiz-2620-h-1204-h-900-mm,Полудрагоценный,Аквамарин,13.73 Ct,Штучный,Клиньевая,(N) Не подвергался,,Чистый на глаз,,9.0 мм,
Маркиз,"21.90 мм, 22.20 мм","11.15 мм,
                       
                         10.93 мм",559 000 руб,https://kolvika.ru/product/akvamarin-para-markiz-1823-ct,Полудрагоценный,Аквамарин,"8.79 Ct, 9.44 Ct",Парные камни,Клиньевая,(N) Не подвергался,,Чистый на глаз,,"7.34 мм,
                       
                         7.68 мм",
Маркиз,"19.25 мм, 19.24 мм","9.05 мм, 9.20 мм",337 000 руб,https://kolvika.ru/product/akvamarin-para-markiz-1463-ct,Полудрагоценный,Аквамарин,"5.19 Ct, 5.80 Ct",Парные камни,Клиньевая,(N) Не подвергался,,Чистый на глаз,,"5.85 мм, 6.75 мм",
Маркиз,"17.0 мм,
                       
                         17.3 мм,
                       
                         16.7 мм","7.2 мм,
                       
                         7.5 мм,
                       
                         8.2 мм",307 300 руб,https://kolvika.ru/product/akvamarin-komplekt-markiz-1002-ct,Полудрагоценный,Аквамарин,"2.93 ct,
                       
                         2.97 ct,
                       
                         4.12 ct",Комплект,Клиньевая,(N) Не подвергался,,Чистый на глаз,,"4.5 мм,
                       
                         4.9 мм,
                       
                         5.7 мм",
Овал,24.4 мм,16.1 мм,5 123 800 руб,https://kolvika.ru/product/akvamarin-oval-2445-h-1612-h-1323-mm,Полудрагоценный,Аквамарин,,Штучный,Смешанная,(N) Не подвергался,Бразилия,Чистый на глаз,Имеется сертификат,13.2 мм,
Октагон,"17.63 мм,
                       
                         18.10 мм","13.07 мм,
                       
                         12.96 мм",632 900 руб,https://kolvika.ru/product/akvamarin-para-oktagon-2580-ct,Полудрагоценный,Аквамарин,"12.62 Ct,
                       
                         13.18 Ct",Парные камни,Ступенчатая,(N) Не подвергался,,Чистый на глаз,,"7.50 мм,
                       
                         7.51 мм",
Октагон,"17.90 мм,
                       
                         17.54 мм","12.85 мм,
                       
                         13.10 мм",589 700 руб,https://kolvika.ru/product/akvamarin-para-oktagon-2404-ct,Полудрагоценный,Аквамарин,"11.78 Ct,
                       
                         12.26 Ct",Парные камни,Ступенчатая,(N) Не подвергался,,Чистый на глаз,,"6.75 мм,
                       
                         7.17 мм",
Сердце,"8.86 мм, 8.98 мм, 8.96 мм, 8.87 мм, 8.97 мм, 8.67 мм","8.9 мм, 8.90 мм, 9.10 мм, 9.05 мм, 8.88 мм, 8.85 мм",429 100 руб,https://kolvika.ru/product/akvamarin-komplekt-serdtse-1060-ct,Полудрагоценный,Аквамарин,"1.65 ct,
                       
                         1.66 ct,
                       
                         1.77 ct,
                       
                         1.7 ct,
                       
                         1.88 ct,
                       
                         1.94 ct",Комплект,Модифицированная,(N) Не подвергался,,Чистый на глаз,,"4.61 мм, 4.75 мм, 4.78 мм, 5.05 мм, 5.15 мм, 5.21 мм",
Овал,"20.05 мм,
                       
                         20.08 мм","15.0 мм,
                       
                         15.17 мм",984 400 руб,https://kolvika.ru/product/akvamarin-para-oval-4013-ct,Полудрагоценный,Аквамарин,"17.86 Ct,
                       
                         17.89 Ct",Парные камни,Смешанная,(N) Не подвергался,,Чистый на глаз,,"10.55 мм,
                       
                         10.73 мм",
Сердце,"8.03 мм,
                       
                         7.99 мм","8.00 мм,
                       
                         7.90 мм",116 600 руб,https://kolvika.ru/product/akvamarin-para-serdtse-288-ct,Полудрагоценный,Аквамарин,"1.36 Ct,
                       
                         1.52 Ct",Парные камни,Модифицированная,(N) Не подвергался,,Чистый на глаз,,"4.70 мм,
                       
                         5.12 мм",
Круг,7.2 мм,7.3 мм,157 500 руб,https://kolvika.ru/product/laboratorno-vyraschennyy-brilliant-kr-57-727-732-mm-dvvs2-150-ct,,Ограненный синтетический алмаз,,,,,,,Имеется сертификат,,
Овал,20.0 мм,15.0 мм,429 800 руб,https://kolvika.ru/product/akvamarin-oval-2009-h-1511-h-1074-mm,Полудрагоценный,Аквамарин,17.52 Ct,Штучный,Смешанная,(N) Не подвергался,,Чистый на глаз,,10.7 мм,
,8.2 мм,8.2 мм,438 900 руб,https://kolvika.ru/product/laboratorno-vyraschennyy-brilliant-kr-57-para-418-ct,,Ограненный синтетический алмаз,,,,,,,Имеется сертификат,,0.836 гр
Овал,9.3 мм,6.6 мм,117 040 руб,https://kolvika.ru/product/laboratorno-vyraschennyy-brilliant-oval-935-h-660-h-390-mm-dvvs2-152-ct,,Ограненный синтетический алмаз,0.304 гр,,,,,,Имеется сертификат,,
Круг,8.1 мм,8.1 мм,219 450 руб,https://kolvika.ru/product/laboratorno-vyraschennyy-brilliant-kr-57-812-815-mm-dvvs2-209-ct,,Ограненный синтетический алмаз,0.418 гр,,,,,,Имеется сертификат,,
Квадрат,5.6 мм,5.4 мм,163 240 руб,https://kolvika.ru/product/laboratorno-vyraschennyy-brilliant-printsessa-para-212-ct,,Ограненный синтетический алмаз,,,,,,,Имеется сертификат,,0.424 гр
Квадрат,5.6 мм,5.4 мм,81 620 руб,https://kolvika.ru/product/laboratorno-vyraschennyy-brilliant-printsessa-565-h-547-h-370-mm-dvvs2-106-ct,,Ограненный синтетический алмаз,0.212 гр,,,,,,Имеется сертификат,,
Круг,0.8 мм,0.8 мм,4 руб,https://kolvika.ru/product/fianit-chernyy-krug-080-mm,,,,,,,,,,,
